ULOK,Nama Toko,Cabang,SPK End,ST Date,Has ST,Old Denda Days,Old Denda Amount,New Denda Days,New Denda Amount,Impact Days,Impact Amount,Impact Type,Skipped Days,Skipped Weekends,Skipped Holidays,Explanation
Z001-2512-B1D2-R,"Toko EFG",HEAD OFFICE,2026-01-01,,No,0,0,0,0,0,0,NO_CHANGE,0,0,0,"SPK (tidak ada skip)"
Z001-2512-6969,"Toko Gantt",HEAD OFFICE,2026-01-09,2025-12-30,Yes,0,0,0,0,0,0,NO_CHANGE,0,0,0,"SPK (tidak ada skip)"
Z001-2601-6565,"RejectStore",HEAD OFFICE,2026-01-18,2026-01-28,Yes,0,0,9,7000000,9,7000000,INCREASE,0,0,0,"SPK (tidak ada skip)"
Z001-2601-6666,"Summary Store",HEAD OFFICE,2026-01-20,2026-01-07,Yes,0,0,0,0,0,0,NO_CHANGE,3,2,1,"SPK+3 (2 weekend, 1 libur nasional)"
Z001-2512-0001,"EMAS",HEAD OFFICE,2026-01-24,2026-01-09,Yes,0,0,0,0,0,0,NO_CHANGE,1,1,0,"SPK+1 (1 weekend)"
1JZ1-2510-0002,"TAMBAKAN BARU JALAN CAGAK",KARAWANG,2026-01-26,,No,0,0,0,0,0,0,NO_CHANGE,0,0,0,"SPK (tidak ada skip)"
Z001-2512-D2F4-R,"Toko EFG",HEAD OFFICE,2026-01-28,,No,0,0,0,0,0,0,NO_CHANGE,0,0,0,"SPK (tidak ada skip)"
TZ01-2511-0004,"Permata Daru",BALARAJA,2026-01-31,2026-01-26,Yes,0,0,0,0,0,0,NO_CHANGE,0,0,0,"SPK (tidak ada skip)"
TZ01-2511-0004,"Permata Daru",BALARAJA,2026-01-31,2026-01-26,Yes,0,0,0,0,0,0,NO_CHANGE,0,0,0,"SPK (tidak ada skip)"
Z001-2602-0000,"SPKTest",HEAD OFFICE,2026-02-17,,No,0,0,0,0,0,0,NO_CHANGE,0,0,0,"SPK (tidak ada skip)"
Z001-2602-8989,"NewStore",HEAD OFFICE,2026-03-01,,No,0,0,0,0,0,0,NO_CHANGE,0,0,0,"SPK (tidak ada skip)"
2JZ1-2601-0005,"HOTEL CORDELA CIANJUR",CIANJUR,2026-03-09,2026-03-09,Yes,0,0,0,0,0,0,NO_CHANGE,0,0,0,"SPK (tidak ada skip)"
2JZ1-2601-0005,"HOTEL CORDELA CIANJUR",CIANJUR,2026-03-09,2026-03-09,Yes,0,0,0,0,0,0,NO_CHANGE,0,0,0,"SPK (tidak ada skip)"
1GZ1-2512-0007-R,"NANGABULIK",BANJARMASIN,2026-03-11,,No,0,0,0,0,0,0,NO_CHANGE,0,0,0,"SPK (tidak ada skip)"
1GZ1-2512-0007-R,"ALFAMART NANGA BULIK",BANJARMASIN,2026-03-11,,No,0,0,0,0,0,0,NO_CHANGE,0,0,0,"SPK (tidak ada skip)"
TZ01-2512-0002-R,"GRAND TENJO 2",BALARAJA,2026-03-13,2026-03-13,Yes,0,0,0,0,0,0,NO_CHANGE,2,2,0,"SPK+2 (2 weekend)"
TZ01-2512-0002-R,"GRAND TENJO 2",BALARAJA,2026-03-13,2026-03-13,Yes,0,0,0,0,0,0,NO_CHANGE,2,2,0,"SPK+2 (2 weekend)"
1JZ1-2602-1J94-R,"MEDANGASEM",KARAWANG,2026-03-14,2026-03-16,Yes,0,0,0,0,0,0,NO_CHANGE,1,1,0,"SPK+1 (1 weekend)"
1JZ1-2602-1J6T-R,"RAYA MEDANGASEM",KARAWANG,2026-03-14,2026-03-16,Yes,0,0,0,0,0,0,NO_CHANGE,1,1,0,"SPK+1 (1 weekend)"
1GZ1-2508-0008,"TJILIK RIWUT LAMANDAU",BANJARMASIN,2026-03-15,,No,0,0,0,0,0,0,NO_CHANGE,0,0,0,"SPK (tidak ada skip)"
1GZ1-2508-0008,"TJILIK RIWUT",BANJARMASIN,2026-03-15,,No,0,0,0,0,0,0,NO_CHANGE,0,0,0,"SPK (tidak ada skip)"
1JZ1-2601-0002,"CIBEUNYING WANTILAN",KARAWANG,2026-03-16,2026-03-16,Yes,0,0,0,0,0,0,NO_CHANGE,0,0,0,"SPK (tidak ada skip)"
1JZ1-2601-0002,"CIBEUNYING WANTILAN",KARAWANG,2026-03-16,2026-03-16,Yes,0,0,0,0,0,0,NO_CHANGE,0,0,0,"SPK (tidak ada skip)"
1JZ1-2601-0003,"RAYA BELENDUNG",KARAWANG,2026-03-16,2026-03-17,Yes,0,0,0,0,0,0,NO_CHANGE,0,0,0,"SPK (tidak ada skip)"
1JZ1-2601-0003,"RAYA BELENDUNG",KARAWANG,2026-03-16,2026-03-17,Yes,0,0,0,0,0,0,NO_CHANGE,0,0,0,"SPK (tidak ada skip)"
XZ01-2512-0002,"JL. MESJID RAWA GENI",BOGOR,2026-03-27,2026-05-15,Yes,44,7500000,46,7500000,2,0,NO_CHANGE,0,0,0,"SPK (tidak ada skip)"
XZ01-2512-0002,"JL. MESJID RAWA GENI",BOGOR,2026-03-27,2026-05-13,Yes,0,0,44,7500000,44,7500000,INCREASE,0,0,0,"SPK (tidak ada skip)"
RZ01-2602-0003-R,"TINGGIMAE GOWA",MAKASSAR,2026-03-31,2026-07-07,Yes,97,7500000,97,7500000,0,0,NO_CHANGE,0,0,0,"SPK (tidak ada skip)"
RZ01-24/2-2026-R,"Tinggimae Gowa",MAKASSAR,2026-03-31,,No,0,0,0,0,0,0,NO_CHANGE,0,0,0,"SPK (tidak ada skip)"
RZ01-2601-0006-R,"PAKKATO BOMAR GOWA",MAKASSAR,2026-03-31,,No,0,0,0,0,0,0,NO_CHANGE,0,0,0,"SPK (tidak ada skip)"
RZ01-2601-0006,"PAKKATO BOMAR",MAKASSAR,2026-03-31,,No,0,0,0,0,0,0,NO_CHANGE,0,0,0,"SPK (tidak ada skip)"
RZ01-2601-0004-R,"Panciro Gowa",MAKASSAR,2026-03-31,2026-07-07,Yes,97,7500000,97,7500000,0,0,NO_CHANGE,0,0,0,"SPK (tidak ada skip)"
RZ01-2602-0005-R,"Panciro Gowa",MAKASSAR,2026-03-31,,No,0,0,0,0,0,0,NO_CHANGE,0,0,0,"SPK (tidak ada skip)"
RZ01-2601-0002,"TAENG GOWA",MAKASSAR,2026-03-31,,No,0,0,0,0,0,0,NO_CHANGE,0,0,0,"SPK (tidak ada skip)"
RZ01-2601-0002,"TAENG GOWA",MAKASSAR,2026-03-31,,No,0,0,0,0,0,0,NO_CHANGE,0,0,0,"SPK (tidak ada skip)"
UZ01-2512-0003-R,"KH ALI MAS'UD",SIDOARJO,2026-04-02,2026-04-03,Yes,0,0,0,0,0,0,NO_CHANGE,0,0,0,"SPK (tidak ada skip)"
UZ01-2512-0003-R,"KH ALI MAS'UD",SIDOARJO,2026-04-02,2026-04-03,Yes,0,0,0,0,0,0,NO_CHANGE,0,0,0,"SPK (tidak ada skip)"
1GZ1-2601-0001,"MUARA TAPUS",BANJARMASIN,2026-04-04,,No,0,0,0,0,0,0,NO_CHANGE,1,1,0,"SPK+1 (1 weekend)"
1GZ1-2601-0001,"MUARA TAPUS",BANJARMASIN,2026-04-04,,No,0,0,0,0,0,0,NO_CHANGE,1,1,0,"SPK+1 (1 weekend)"
BZ01-2601-0345,"INDIHIANG 58",BANDUNG RAYA,2026-04-05,,No,0,0,0,0,0,0,NO_CHANGE,0,0,0,"SPK (tidak ada skip)"
BZ01-2601-0345,"Indihiang 58",BANDUNG RAYA,2026-04-05,,No,0,0,0,0,0,0,NO_CHANGE,0,0,0,"SPK (tidak ada skip)"
CZ01-2511-0004,"H. ONDO PASIRSARI",BEKASI,2026-04-06,,No,0,0,0,0,0,0,NO_CHANGE,0,0,0,"SPK (tidak ada skip)"
CZ01-2511-0004,"H. ONDO PASIR SARI",BEKASI,2026-04-06,,No,0,0,0,0,0,0,NO_CHANGE,0,0,0,"SPK (tidak ada skip)"
BZ01-2602-0004,"BUKIT RAYA",BANDUNG RAYA,2026-04-07,,No,0,0,0,0,0,0,NO_CHANGE,0,0,0,"SPK (tidak ada skip)"
BZ01-2602-0004,"BUKIT RAYA",BANDUNG RAYA,2026-04-07,,No,0,0,0,0,0,0,NO_CHANGE,0,0,0,"SPK (tidak ada skip)"
1GZ1-2601-0002,"PEMBALAH BATUNG",BANJARMASIN,2026-04-07,,No,0,0,0,0,0,0,NO_CHANGE,0,0,0,"SPK (tidak ada skip)"
1GZ1-2601-0002,"PEMBALAH BATUNG",BANJARMASIN,2026-04-07,,No,0,0,0,0,0,0,NO_CHANGE,0,0,0,"SPK (tidak ada skip)"
2VZ1-2603-R353-R,"AP PETTARANI WAJO",LUWU,2026-04-08,2026-05-09,Yes,0,0,30,7500000,30,7500000,INCREASE,0,0,0,"SPK (tidak ada skip)"
2VZ1-2603-R531-R,"TANCUNG WAJO",LUWU,2026-04-08,2026-05-09,Yes,0,0,30,7500000,30,7500000,INCREASE,0,0,0,"SPK (tidak ada skip)"
2VZ1-2603-R702-R,"ULUGALUNG WAJO",LUWU,2026-04-08,2026-05-11,Yes,0,0,32,7500000,32,7500000,INCREASE,0,0,0,"SPK (tidak ada skip)"
2VZ1-2603-R614-R,"PANCA RIJANG SIDRAP",LUWU,2026-04-08,2026-05-11,Yes,0,0,32,7500000,32,7500000,INCREASE,0,0,0,"SPK (tidak ada skip)"
1AZ1-2602-0001,"BERINGIN JAYA KUANSING",PEKANBARU,2026-04-09,,No,0,0,0,0,0,0,NO_CHANGE,0,0,0,"SPK (tidak ada skip)"
1AZ1-2602-0001,"BERINGIN JAYA KUANSING",PEKANBARU,2026-04-09,,No,0,0,0,0,0,0,NO_CHANGE,0,0,0,"SPK (tidak ada skip)"
1GZ1-2601-0003,"TRANS JORONG",BANJARMASIN,2026-04-09,,No,0,0,0,0,0,0,NO_CHANGE,0,0,0,"SPK (tidak ada skip)"
1GZ1-2601-0003,"TRANS JORONG",BANJARMASIN,2026-04-09,,No,0,0,0,0,0,0,NO_CHANGE,0,0,0,"SPK (tidak ada skip)"
1GZ1-2601-0004,"GUNUNG SARI",BANJARMASIN,2026-04-10,,No,0,0,0,0,0,0,NO_CHANGE,2,2,0,"SPK+2 (2 weekend)"
1GZ1-2601-0004,"GUNUNG SARI",BANJARMASIN,2026-04-10,,No,0,0,0,0,0,0,NO_CHANGE,2,2,0,"SPK+2 (2 weekend)"
BZ01-2601-0004,"CIGANTANG",BANDUNG RAYA,2026-04-11,,No,0,0,0,0,0,0,NO_CHANGE,1,1,0,"SPK+1 (1 weekend)"
BZ01-2601-0004,"CIGANTANG",BANDUNG RAYA,2026-04-11,,No,0,0,0,0,0,0,NO_CHANGE,1,1,0,"SPK+1 (1 weekend)"
2JZ1-2512-0004,"MEKARJAYA",CIANJUR,2026-04-12,2026-04-14,Yes,0,0,1,1000000,1,1000000,INCREASE,0,0,0,"SPK (tidak ada skip)"
2JZ1-2512-0004,"MEKARJAYA",CIANJUR,2026-04-12,2026-04-13,Yes,0,0,0,0,0,0,NO_CHANGE,0,0,0,"SPK (tidak ada skip)"
LZ01-2602-0004,"BEDILAN 2 BK 11",KOTABUMI,2026-04-12,2026-04-16,Yes,0,0,3,3000000,3,3000000,INCREASE,0,0,0,"SPK (tidak ada skip)"
LZ01-2602-0004,"BEDILAN 2 BK 11",KOTABUMI,2026-04-12,2026-04-16,Yes,0,0,3,3000000,3,3000000,INCREASE,0,0,0,"SPK (tidak ada skip)"
XZ01-2512-0003,"LEMBAH HIJAU",BOGOR,2026-04-13,,No,0,0,0,0,0,0,NO_CHANGE,0,0,0,"SPK (tidak ada skip)"
XZ01-2512-0003,"LEMBAH HIJAU",BOGOR,2026-04-13,2026-05-07,Yes,23,7500000,23,7500000,0,0,NO_CHANGE,0,0,0,"SPK (tidak ada skip)"
RZ01-2602-0001,"JENETALLASA GOWA",MAKASSAR,2026-04-13,2026-07-10,Yes,87,7500000,87,7500000,0,0,NO_CHANGE,0,0,0,"SPK (tidak ada skip)"
RZ01-2602-0001,"JENETALLASA GOWA",MAKASSAR,2026-04-13,,No,0,0,0,0,0,0,NO_CHANGE,0,0,0,"SPK (tidak ada skip)"
Z001-2121-0001,"TES KONTRAKTOR",HEAD OFFICE,2026-04-13,2026-05-19,Yes,0,0,35,7500000,35,7500000,INCREASE,1,1,0,"SPK+1 (1 weekend)"
WZ01-2602-0007,"JOHAR MENCIRIM",MEDAN,2026-04-15,,No,0,0,0,0,0,0,NO_CHANGE,0,0,0,"SPK (tidak ada skip)"
WZ01-2603-0002,"Johar - Sei Mencirim",MEDAN,2026-04-15,,No,0,0,0,0,0,0,NO_CHANGE,0,0,0,"SPK (tidak ada skip)"
2DZ1-2601-0003-R,"Central Barelang",BATAM,2026-04-16,2026-05-05,Yes,18,7500000,18,7500000,0,0,NO_CHANGE,3,2,1,"SPK+3 (2 weekend, 1 libur nasional)"
2DZ1-2601-0003-R,"Central Barelang",BATAM,2026-04-16,2026-05-05,Yes,0,0,18,7500000,18,7500000,INCREASE,3,2,1,"SPK+3 (2 weekend, 1 libur nasional)"
1DZ1-2512-0002-R,"LINTAS TEBO - BUNGO 4",JAMBI,2026-04-16,,No,0,0,0,0,0,0,NO_CHANGE,0,0,0,"SPK (tidak ada skip)"
1DZ1-2512-0002-R,"LINTAS TEBO - BUNGO 4",JAMBI,2026-04-16,2026-04-16,Yes,0,0,0,0,0,0,NO_CHANGE,0,0,0,"SPK (tidak ada skip)"
JZ01-2511-0006,"CIPINANG MUARA RAYA",CILEUNGSI,2026-04-16,,No,0,0,0,0,0,0,NO_CHANGE,0,0,0,"SPK (tidak ada skip)"
JZ01-2601-0004,"DARK STORE CEMPAKA PUTIH ( PANGKALAN ASEM )",CILEUNGSI,2026-04-16,,No,0,0,0,0,0,0,NO_CHANGE,0,0,0,"SPK (tidak ada skip)"
2DZ1-2601-0002,"RUKO SP PLAZA",BATAM,2026-04-17,2026-05-05,Yes,16,7500000,15,7500000,-1,0,NO_CHANGE,0,0,0,"SPK (tidak ada skip)"
2DZ1-2601-0002,"RUKO SP PLAZA",BATAM,2026-04-17,2026-05-06,Yes,0,0,16,7500000,16,7500000,INCREASE,0,0,0,"SPK (tidak ada skip)"
1MZ1-2511-0002,"JOMBANG CIPUTAT (NEW STORE)",PARUNG,2026-04-18,2026-04-15,Yes,0,0,0,0,0,0,NO_CHANGE,1,1,0,"SPK+1 (1 weekend)"
1MZ1-2511-0002,"JOMBANG CIPUTAT (NEW STORE)",PARUNG,2026-04-18,,No,0,0,0,0,0,0,NO_CHANGE,1,1,0,"SPK+1 (1 weekend)"
IZ01-2602-0001,"WIRUN (NEW STORE REG)",CILACAP,2026-04-18,2026-04-20,Yes,0,0,0,0,0,0,NO_CHANGE,1,1,0,"SPK+1 (1 weekend)"
WZ01-1605-0005-R,"DJUANDA TAMIANG",MEDAN,2026-04-18,,No,0,0,0,0,0,0,NO_CHANGE,1,1,0,"SPK+1 (1 weekend)"
LZ01-2602-0005,"PUNCAK 5 GUMAWANG",KOTABUMI,2026-04-18,2026-04-18,Yes,0,0,0,0,0,0,NO_CHANGE,1,1,0,"SPK+1 (1 weekend)"
LZ01-2602-0005,"PUNCAK 5 GUMAWANG",KOTABUMI,2026-04-18,2026-04-18,Yes,0,0,0,0,0,0,NO_CHANGE,1,1,0,"SPK+1 (1 weekend)"
UZ01-2602-0015,"SMD BELATUK",SIDOARJO BPN_SMD,2026-04-18,2026-05-18,Yes,0,0,28,7500000,28,7500000,INCREASE,1,1,0,"SPK+1 (1 weekend)"
JZ01-2511-0006,"CIPINANG MUARA RAYA",CILEUNGSI,2026-04-18,,No,0,0,0,0,0,0,NO_CHANGE,1,1,0,"SPK+1 (1 weekend)"
WZ01-1605-0005,"DJUANDA TAMIANG",MEDAN,2026-04-18,,No,0,0,0,0,0,0,NO_CHANGE,1,1,0,"SPK+1 (1 weekend)"
TZ01-2601-0001,"Bumi Indah 5",BALARAJA,2026-04-19,,No,0,0,0,0,0,0,NO_CHANGE,0,0,0,"SPK (tidak ada skip)"
TZ01-2601-0001,"Bumi Indah 5",BALARAJA,2026-04-19,,No,0,0,0,0,0,0,NO_CHANGE,0,0,0,"SPK (tidak ada skip)"
1PZ1-2602-0005,"RAYA DALAM KAUM",PONTIANAK,2026-04-19,,No,0,0,0,0,0,0,NO_CHANGE,0,0,0,"SPK (tidak ada skip)"
1PZ1-2602-0005,"RAYA DALAM KAUM",PONTIANAK,2026-04-19,,No,0,0,0,0,0,0,NO_CHANGE,0,0,0,"SPK (tidak ada skip)"
1PZ1-2603-0002,"SEMANGAU",PONTIANAK,2026-04-19,,No,0,0,0,0,0,0,NO_CHANGE,0,0,0,"SPK (tidak ada skip)"
1PZ1-2603-0002,"SEMANGAU",PONTIANAK,2026-04-19,,No,0,0,0,0,0,0,NO_CHANGE,0,0,0,"SPK (tidak ada skip)"
UZ01-2601-0005,"BPN RAYA MULAWARMAN",SIDOARJO BPN_SMD,2026-04-20,2026-05-29,Yes,0,0,38,7500000,38,7500000,INCREASE,0,0,0,"SPK (tidak ada skip)"
UZ01-2601-0005,"BPN RAYA MULAWARMAN",SIDOARJO BPN_SMD,2026-04-20,2026-05-29,Yes,0,0,38,7500000,38,7500000,INCREASE,0,0,0,"SPK (tidak ada skip)"
WZ01-2602-0022,"SIMPANG LUBUK PAKAM",MEDAN,2026-04-20,,No,0,0,0,0,0,0,NO_CHANGE,0,0,0,"SPK (tidak ada skip)"
WZ01-2602-0022,"SIMPANG LUBUK PAKAM",MEDAN,2026-04-20,,No,0,0,0,0,0,0,NO_CHANGE,0,0,0,"SPK (tidak ada skip)"
UZ01-2602-0015,"SMD BELATUK",SIDOARJO BPN_SMD,2026-04-20,2026-05-18,Yes,0,0,27,7500000,27,7500000,INCREASE,1,1,0,"SPK+1 (1 weekend)"
IZ01-2601-0006,"BAKUREJO",CILACAP,2026-04-24,2026-04-24,Yes,0,0,0,0,0,0,NO_CHANGE,0,0,0,"SPK (tidak ada skip)"
IZ01-2601-0006,"BAKUREJO",CILACAP,2026-04-24,2026-04-24,Yes,0,0,0,0,0,0,NO_CHANGE,2,2,0,"SPK+2 (2 weekend)"
XZ01-2026-X931-R,"SUDIRMAN RAYA",BOGOR,2026-04-25,,No,0,0,0,0,0,0,NO_CHANGE,1,1,0,"SPK+1 (1 weekend)"
XZ01-2026-X931-R,"SUDIRMAN RAYA",BOGOR,2026-04-25,,No,0,0,0,0,0,0,NO_CHANGE,1,1,0,"SPK+1 (1 weekend)"
XZ01-2026-X956-R,"RAYA SOLEH ISKANDAR",BOGOR,2026-04-25,,No,0,0,0,0,0,0,NO_CHANGE,1,1,0,"SPK+1 (1 weekend)"
XZ01-2026-X956-R,"RAYA SOLEH ISKANDAR",BOGOR,2026-04-25,,No,0,0,0,0,0,0,NO_CHANGE,1,1,0,"SPK+1 (1 weekend)"
1JZ1-2602-0001,"CISAMPIH",KARAWANG,2026-04-25,2026-04-29,Yes,2,2000000,2,2000000,0,0,NO_CHANGE,1,1,0,"SPK+1 (1 weekend)"
1JZ1-2602-0001,"CISAMPIH",KARAWANG,2026-04-25,2026-04-29,Yes,0,0,2,2000000,2,2000000,INCREASE,1,1,0,"SPK+1 (1 weekend)"
1YZ1-2601-0005,"AER UJANG BITUNG",MANADO,2026-04-26,,No,0,0,0,0,0,0,NO_CHANGE,0,0,0,"SPK (tidak ada skip)"
1YZ1-2601-0005,"AER UJANG BITUNG",MANADO,2026-04-26,,No,0,0,0,0,0,0,NO_CHANGE,0,0,0,"SPK (tidak ada skip)"
1YZ1-2601-0003,"ALFAMART MAWALI LEMBEH",MANADO,2026-04-27,,No,0,0,0,0,0,0,NO_CHANGE,0,0,0,"SPK (tidak ada skip)"
1YZ1-2601-0003,"ALFAMART MAWALI LEMBEH",MANADO,2026-04-27,,No,0,0,0,0,0,0,NO_CHANGE,0,0,0,"SPK (tidak ada skip)"
UZ01-2602-0008,"KTR MANGKURAJA",SIDOARJO BPN_SMD,2026-04-30,2026-04-30,Yes,0,0,0,0,0,0,NO_CHANGE,0,0,0,"SPK (tidak ada skip)"
UZ01-2603-0011,"KPG OESAPA SELATAN",NTT,2026-04-30,2026-05-04,Yes,0,0,0,0,0,0,NO_CHANGE,0,0,0,"SPK (tidak ada skip)"
UZ01-2603-0011,"KPG OESAPA SELATAN",NTT,2026-04-30,2026-05-04,Yes,3,3000000,0,0,-3,-3000000,REDUCTION,0,0,0,"SPK (tidak ada skip)"
UZ01-2602-0008,"KTR MANGKURAJA",SIDOARJO BPN_SMD,2026-04-30,2026-04-30,Yes,0,0,0,0,0,0,NO_CHANGE,0,0,0,"SPK (tidak ada skip)"
JZ01-2603-0001,"Stasiun KCIC Halim",CILEUNGSI,2026-05-01,,No,0,0,0,0,0,0,NO_CHANGE,2,2,0,"SPK+2 (2 weekend)"
1AZ1-0001-0001-R,"REBRANDING BANDARA SSK LT.2",PEKANBARU,2026-05-01,,No,0,0,0,0,0,0,NO_CHANGE,2,2,0,"SPK+2 (2 weekend)"
1AZ1-0002-0002,"REBRANDING BANDARA SSK LT.2",PEKANBARU,2026-05-01,,No,0,0,0,0,0,0,NO_CHANGE,2,2,0,"SPK+2 (2 weekend)"
2JZ1-2603-0002,"REST AREA ASSALAM",CIANJUR,2026-05-02,2026-04-30,Yes,0,0,0,0,0,0,NO_CHANGE,1,1,0,"SPK+1 (1 weekend)"
2JZ1-2603-0002,"REST AREA ASSALAM",CIANJUR,2026-05-02,2026-04-30,Yes,0,0,0,0,0,0,NO_CHANGE,1,1,0,"SPK+1 (1 weekend)"
WZ01-2602-0026,"RINGROAD SUNGGAL",MEDAN,2026-05-02,2026-06-29,Yes,56,7500000,56,7500000,0,0,NO_CHANGE,1,1,0,"SPK+1 (1 weekend)"
WZ01-2602-0026,"RINGROAD SUNGGAL",MEDAN,2026-05-02,2026-06-30,Yes,0,0,57,7500000,57,7500000,INCREASE,1,1,0,"SPK+1 (1 weekend)"
2SZ1-2507-0011,"IRIGASI BOLANGO",GORONTALO,2026-05-03,,No,0,0,0,0,0,0,NO_CHANGE,0,0,0,"SPK (tidak ada skip)"
2SZ1-2507-0011,"IRIGASI BOLANGO",GORONTALO,2026-05-03,,No,0,0,0,0,0,0,NO_CHANGE,0,0,0,"SPK (tidak ada skip)"
2PZ1-2508-0007,"MT HARYONO BARU",TEGAL,2026-05-05,2026-05-08,Yes,2,2000000,2,2000000,0,0,NO_CHANGE,0,0,0,"SPK (tidak ada skip)"
2PZ1-2508-0007,"MT Haryono Baru",TEGAL,2026-05-05,2026-05-08,Yes,0,0,2,2000000,2,2000000,INCREASE,0,0,0,"SPK (tidak ada skip)"
IZ01-2602-0001,"WIRUN (NEW STORE REG)",CILACAP,2026-05-06,2026-04-20,Yes,0,0,0,0,0,0,NO_CHANGE,0,0,0,"SPK (tidak ada skip)"
1PZ1-1412-1P57-R,"PEMBANGUNAN SANGGAU",PONTIANAK,2026-05-06,,No,0,0,0,0,0,0,NO_CHANGE,0,0,0,"SPK (tidak ada skip)"
1PZ1-2422-1P57-R,"PEMBANGUNAN SANGGAU",PONTIANAK,2026-05-06,,No,0,0,0,0,0,0,NO_CHANGE,0,0,0,"SPK (tidak ada skip)"
XZ01-2601-XC19-R,"BRIGJEN SAPTAJI NO 3",BOGOR,2026-05-06,,No,0,0,0,0,0,0,NO_CHANGE,0,0,0,"SPK (tidak ada skip)"
XZ01-2601-XC19-R,"BRIGJEN SAPTAJI NO 3",BOGOR,2026-05-06,,No,0,0,0,0,0,0,NO_CHANGE,0,0,0,"SPK (tidak ada skip)"
XZ01-2602-XB72-R,"PARUNG BANTENG",BOGOR,2026-05-06,2026-06-08,Yes,32,7500000,32,7500000,0,0,NO_CHANGE,0,0,0,"SPK (tidak ada skip)"
IZ01-2602-0006,"KALIDONAN",CILACAP,2026-05-07,2026-05-08,Yes,0,0,0,0,0,0,NO_CHANGE,0,0,0,"SPK (tidak ada skip)"
IZ01-2602-0006,"KALIDONAN",CILACAP,2026-05-07,2026-05-08,Yes,0,0,0,0,0,0,NO_CHANGE,0,0,0,"SPK (tidak ada skip)"
OZ01-2602-O010-R,"ALFAMART JL. PUCANGAN",KLATEN,2026-05-08,2026-07-03,Yes,53,7500000,53,7500000,0,0,NO_CHANGE,2,2,0,"SPK+2 (2 weekend)"
1AZ1-2601-0008-R,"LANGGAM PELALAWAN",PEKANBARU,2026-05-08,,No,0,0,0,0,0,0,NO_CHANGE,0,0,0,"SPK (tidak ada skip)"
1AZ1-2601-0008-R,"LANGGAM PELALAWAN",PEKANBARU,2026-05-08,,No,0,0,0,0,0,0,NO_CHANGE,0,0,0,"SPK (tidak ada skip)"
OZ01-2602-O010-R,"ALFAMART JL. PUCANGAN",KLATEN,2026-05-08,,No,0,0,0,0,0,0,NO_CHANGE,0,0,0,"SPK (tidak ada skip)"
1MZ1-2601-0001,"Jl H Jian",PARUNG,2026-05-09,,No,0,0,0,0,0,0,NO_CHANGE,1,1,0,"SPK+1 (1 weekend)"
1MZ1-2601-0001,"Jl H Jian",PARUNG,2026-05-09,,No,0,0,0,0,0,0,NO_CHANGE,1,1,0,"SPK+1 (1 weekend)"
1PZ1-2602-0002,"DUSUN BALAI KARANGAN",PONTIANAK,2026-05-09,,No,0,0,0,0,0,0,NO_CHANGE,1,1,0,"SPK+1 (1 weekend)"
1PZ1-2602-0002,"DUSUN BALAI KARANGAN - SANGGAU",PONTIANAK,2026-05-09,,No,0,0,0,0,0,0,NO_CHANGE,1,1,0,"SPK+1 (1 weekend)"
2VZ1-2603-R353-R,"AP PETTARANI WAJO",LUWU,2026-05-09,2026-05-11,Yes,0,0,0,0,0,0,NO_CHANGE,1,1,0,"SPK+1 (1 weekend)"
2VZ1-2603-R531-R,"TANCUNG WAJO",LUWU,2026-05-09,2026-05-11,Yes,0,0,0,0,0,0,NO_CHANGE,1,1,0,"SPK+1 (1 weekend)"
2VZ1-2603-R702-R,"ULUGALUNG WAJO",LUWU,2026-05-09,2026-05-11,Yes,0,0,0,0,0,0,NO_CHANGE,1,1,0,"SPK+1 (1 weekend)"
2VZ1-2603-R614-R,"PANCA RIJANG SIDRAP",LUWU,2026-05-09,2026-05-11,Yes,0,0,0,0,0,0,NO_CHANGE,1,1,0,"SPK+1 (1 weekend)"
CZ01-2601-0001,"PISANG BATU",BEKASI,2026-05-10,,No,0,0,0,0,0,0,NO_CHANGE,0,0,0,"SPK (tidak ada skip)"
CZ01-2601-0001,"PISANG BATU",BEKASI,2026-05-10,,No,0,0,0,0,0,0,NO_CHANGE,0,0,0,"SPK (tidak ada skip)"
2VZ1-2603-0002-R,"TELLULIMPOE WAJO",LUWU,2026-05-10,2026-04-14,Yes,0,0,0,0,0,0,NO_CHANGE,0,0,0,"SPK (tidak ada skip)"
2VZ1-2603-0002-R,"TELLULIMPOE WAJO",LUWU,2026-05-10,,No,0,0,0,0,0,0,NO_CHANGE,0,0,0,"SPK (tidak ada skip)"
RZ01-2604-0002,"POROS ROMANGLOE",MAKASSAR,2026-05-10,,No,0,0,0,0,0,0,NO_CHANGE,0,0,0,"SPK (tidak ada skip)"
JZ01-2602-0001,"DARK STORE CEMPAKA PUTIH ( PANGKALAN ASEM )",CILEUNGSI,2026-05-11,,No,0,0,0,0,0,0,NO_CHANGE,0,0,0,"SPK (tidak ada skip)"
JZ01-2602-0001,"DARK STORE CEMPAKA PUTIH ( PANGKALAN ASEM )",CILEUNGSI,2026-05-11,,No,0,0,0,0,0,0,NO_CHANGE,0,0,0,"SPK (tidak ada skip)"
XZ01-2602-0004,"DS grand depok city",BOGOR,2026-05-12,,No,0,0,0,0,0,0,NO_CHANGE,0,0,0,"SPK (tidak ada skip)"
XZ01-2602-0004,"DS grand depok city",BOGOR,2026-05-12,,No,0,0,0,0,0,0,NO_CHANGE,0,0,0,"SPK (tidak ada skip)"
WZ01-2511-0019,"NAGUR SERGAI",MEDAN,2026-05-12,,No,0,0,0,0,0,0,NO_CHANGE,0,0,0,"SPK (tidak ada skip)"
WZ01-2511-0019,"NAGUR SERGAI",MEDAN,2026-05-12,,No,0,0,0,0,0,0,NO_CHANGE,0,0,0,"SPK (tidak ada skip)"
1GZ1-2603-0002,"ALFAMART LINTAS LAMANDAU",BANJARMASIN,2026-05-12,,No,0,0,0,0,0,0,NO_CHANGE,0,0,0,"SPK (tidak ada skip)"
1GZ1-2603-0002,"ALFAMART LINTAS LAMANDAU",BANJARMASIN,2026-05-12,,No,0,0,0,0,0,0,NO_CHANGE,0,0,0,"SPK (tidak ada skip)"
2PZ1-2604-0006,"KENDAYAKAN",TEGAL,2026-05-12,2026-05-12,Yes,0,0,0,0,0,0,NO_CHANGE,0,0,0,"SPK (tidak ada skip)"
2PZ1-2604-0006,"KENDAYAKAN",TEGAL,2026-05-12,2026-05-12,Yes,0,0,0,0,0,0,NO_CHANGE,0,0,0,"SPK (tidak ada skip)"
1SZ1-2603-0000,"PEMONGKONG",LOMBOK,2026-05-12,,No,0,0,0,0,0,0,NO_CHANGE,0,0,0,"SPK (tidak ada skip)"
WZ01-2602-0009,"TANGGUK BONGKAR",MEDAN,2026-05-13,,No,0,0,0,0,0,0,NO_CHANGE,1,0,1,"SPK+1 (1 libur nasional)"
WZ01-2602-0009,"Tangguk Bongkar",MEDAN,2026-05-13,,No,0,0,0,0,0,0,NO_CHANGE,1,0,1,"SPK+1 (1 libur nasional)"
2AZ1-2602-0001,"ALFAMART KUDU",REMBANG,2026-05-14,2026-05-28,Yes,13,7500000,13,7500000,0,0,NO_CHANGE,0,0,0,"SPK (tidak ada skip)"
2AZ1-2602-0001,"ALFAMART KUDU",REMBANG,2026-05-14,2026-05-28,Yes,0,0,13,7500000,13,7500000,INCREASE,0,0,0,"SPK (tidak ada skip)"
XZ01-2601-XB27-R,"KEDUNG WARINGIN",BOGOR,2026-05-14,,No,0,0,0,0,0,0,NO_CHANGE,0,0,0,"SPK (tidak ada skip)"
XZ01-2601-XB27-R,"KEDUNG WARINGIN",BOGOR,2026-05-14,,No,0,0,0,0,0,0,NO_CHANGE,0,0,0,"SPK (tidak ada skip)"
2PZ1-2602-0005,"HARJASARI SURADADI",TEGAL,2026-05-15,2026-05-13,Yes,0,0,0,0,0,0,NO_CHANGE,2,2,0,"SPK+2 (2 weekend)"
2PZ1-2602-0005,"HARJASARI SURADADI",TEGAL,2026-05-15,2026-05-13,Yes,0,0,0,0,0,0,NO_CHANGE,2,2,0,"SPK+2 (2 weekend)"
1SZ1-2603-0004,"PEMONGKONG",LOMBOK,2026-05-15,,No,0,0,0,0,0,0,NO_CHANGE,2,2,0,"SPK+2 (2 weekend)"
1GZ1-2603-1G1I-R,"MANTUIL",BANJARMASIN,2026-05-16,,No,0,0,0,0,0,0,NO_CHANGE,1,1,0,"SPK+1 (1 weekend)"
1GZ1-2603-1G1I-R,"MANTUIL",BANJARMASIN,2026-05-16,,No,0,0,0,0,0,0,NO_CHANGE,1,1,0,"SPK+1 (1 weekend)"
WZ01-2601-0003,"JALAN PANTAI LABU",MEDAN,2026-05-16,,No,0,0,0,0,0,0,NO_CHANGE,1,1,0,"SPK+1 (1 weekend)"
WZ01-2601-0003,"JALAN PANTAI LABU",MEDAN,2026-05-16,,No,0,0,0,0,0,0,NO_CHANGE,1,1,0,"SPK+1 (1 weekend)"
JZ01-2603-0001,"Stasiun KCIC Halim",CILEUNGSI,2026-05-16,,No,0,0,0,0,0,0,NO_CHANGE,1,1,0,"SPK+1 (1 weekend)"
PZ01-2603-0024,"BALUN IJUK",BANGKA,2026-05-17,,No,0,0,0,0,0,0,NO_CHANGE,0,0,0,"SPK (tidak ada skip)"
JZ01-2603-0002,"PAHLAWAN REVOLUSI",CILEUNGSI,2026-05-17,,No,0,0,0,0,0,0,NO_CHANGE,0,0,0,"SPK (tidak ada skip)"
JZ01-2603-0002,"PAHLAWAN REVOLUSI",CILEUNGSI,2026-05-17,,No,0,0,0,0,0,0,NO_CHANGE,0,0,0,"SPK (tidak ada skip)"
JZ01-2604-JA77-R,"H MIRAN",CILEUNGSI,2026-05-17,,No,0,0,0,0,0,0,NO_CHANGE,0,0,0,"SPK (tidak ada skip)"
1DZ1-2601-0001-R,"PANCURAN GADING",JAMBI,2026-05-18,2026-05-23,Yes,4,4000000,4,4000000,0,0,NO_CHANGE,0,0,0,"SPK (tidak ada skip)"
1DZ1-2601-0001-R,"PANCURAN GADING",JAMBI,2026-05-18,2026-05-23,Yes,0,0,4,4000000,4,4000000,INCREASE,0,0,0,"SPK (tidak ada skip)"
JZ01-2601-0005,"WIJAYA KUSUMA TERATAI",CILEUNGSI,2026-05-18,,No,0,0,0,0,0,0,NO_CHANGE,0,0,0,"SPK (tidak ada skip)"
JZ01-2601-0005,"WIJAYA KUSUMA TERATAI",CILEUNGSI,2026-05-18,,No,0,0,0,0,0,0,NO_CHANGE,0,0,0,"SPK (tidak ada skip)"
WZ01-2602-0025,"WARINGIN SERGEI",MEDAN,2026-05-18,,No,0,0,0,0,0,0,NO_CHANGE,0,0,0,"SPK (tidak ada skip)"
WZ01-2602-0025,"WARINGIN SERGEI",MEDAN,2026-05-18,,No,0,0,0,0,0,0,NO_CHANGE,0,0,0,"SPK (tidak ada skip)"
1AZ1-2604-0003,"SOREK RAYA",PEKANBARU,2026-05-19,,No,0,0,0,0,0,0,NO_CHANGE,2,2,0,"SPK+2 (2 weekend)"
1AZ1-2604-0003,"SOREK RAYA",PEKANBARU,2026-05-19,,No,0,0,0,0,0,0,NO_CHANGE,2,2,0,"SPK+2 (2 weekend)"
RZ01-2604-0002,"POROS ROMANGLOE",MAKASSAR,2026-05-19,,No,0,0,0,0,0,0,NO_CHANGE,2,2,0,"SPK+2 (2 weekend)"
1PZ1-2509-0007,"TANAH MERAH",PONTIANAK,2026-05-19,,No,0,0,0,0,0,0,NO_CHANGE,0,0,0,"SPK (tidak ada skip)"
1PZ1-2509-0007,"TANAH MERAH",PONTIANAK,2026-05-19,,No,0,0,0,0,0,0,NO_CHANGE,0,0,0,"SPK (tidak ada skip)"
2SZ1-2510-0004,"DEMBE DUA KOTA UTARA",GORONTALO,2026-05-20,,No,0,0,0,0,0,0,NO_CHANGE,1,1,0,"SPK+1 (1 weekend)"
1JZ1-2601-0001,"KALIJAYA",KARAWANG,2026-05-20,2026-05-21,Yes,0,0,0,0,0,0,NO_CHANGE,0,0,0,"SPK (tidak ada skip)"
1JZ1-2601-0001,"KALIJAYA",KARAWANG,2026-05-20,2026-05-21,Yes,0,0,0,0,0,0,NO_CHANGE,0,0,0,"SPK (tidak ada skip)"
2SZ1-2510-0004,"DEMBE DUA KOTA UTARA",GORONTALO,2026-05-20,,No,0,0,0,0,0,0,NO_CHANGE,1,1,0,"SPK+1 (1 weekend)"
RZ01-2603-0007,"BONTOSUNGGU GOWA",MAKASSAR,2026-05-20,,No,0,0,0,0,0,0,NO_CHANGE,0,0,0,"SPK (tidak ada skip)"
RZ01-2603-0007,"BONTOSUNGGU GOWA",MAKASSAR,2026-05-20,,No,0,0,0,0,0,0,NO_CHANGE,0,0,0,"SPK (tidak ada skip)"
1SZ1-1S38-0000-R,"SEKOTONG",LOMBOK,2026-05-21,,No,0,0,0,0,0,0,NO_CHANGE,0,0,0,"SPK (tidak ada skip)"
1GZ1-2604-0004,"SEBANGAU",BANJARMASIN,2026-05-22,,No,0,0,0,0,0,0,NO_CHANGE,2,2,0,"SPK+2 (2 weekend)"
2SZ1-2507-0010,"DULOMO SELATAN",GORONTALO,2026-05-22,,No,0,0,0,0,0,0,NO_CHANGE,2,2,0,"SPK+2 (2 weekend)"
2SZ1-2507-0010,"DULOMO SELATAN",GORONTALO,2026-05-22,,No,0,0,0,0,0,0,NO_CHANGE,2,2,0,"SPK+2 (2 weekend)"
1JZ1-2605-CC78-R,"SIRNABAYA_KARAWANG",KARAWANG,2026-05-23,2026-06-04,Yes,10,7500000,10,7500000,0,0,NO_CHANGE,1,1,0,"SPK+1 (1 weekend)"
1JZ1-2605-CC78-R,"SIRNABAYA",KARAWANG,2026-05-23,,No,0,0,0,0,0,0,NO_CHANGE,1,1,0,"SPK+1 (1 weekend)"
1GZ1-2604-0004,"SEBANGAU",BANJARMASIN,2026-05-23,,No,0,0,0,0,0,0,NO_CHANGE,1,1,0,"SPK+1 (1 weekend)"
1GZ1-2603-0001,"CABI RAYA",BANJARMASIN,2026-05-24,,No,0,0,0,0,0,0,NO_CHANGE,0,0,0,"SPK (tidak ada skip)"
1GZ1-2603-0001,"CABI RAYA",BANJARMASIN,2026-05-24,,No,0,0,0,0,0,0,NO_CHANGE,0,0,0,"SPK (tidak ada skip)"
2VZ1-2603-0003,"SEBA-SEBA LUWU",LUWU,2026-05-24,2026-05-26,Yes,1,1000000,1,1000000,0,0,NO_CHANGE,0,0,0,"SPK (tidak ada skip)"
2VZ1-2603-0003,"SEBA-SEBA LUWU",LUWU,2026-05-24,,No,0,0,0,0,0,0,NO_CHANGE,0,0,0,"SPK (tidak ada skip)"
2VZ1-2603-0006,"LARA LUWU UTARA",LUWU,2026-05-24,2026-05-25,Yes,0,0,0,0,0,0,NO_CHANGE,0,0,0,"SPK (tidak ada skip)"
RZ01-2603-0001,"DS. UJUNG PANDANG",MAKASSAR,2026-05-24,,No,0,0,0,0,0,0,NO_CHANGE,0,0,0,"SPK (tidak ada skip)"
RZ01-2603-0001,"DS UJUNG PANDANG",MAKASSAR,2026-05-24,,No,0,0,0,0,0,0,NO_CHANGE,0,0,0,"SPK (tidak ada skip)"
LZ01-2605-L646-R,"TEUKU UMAR PENENGAHAN",LAMPUNG,2026-05-25,,No,0,0,0,0,0,0,NO_CHANGE,0,0,0,"SPK (tidak ada skip)"
1YZ1-2604-0001,"WENANG MANADO",MANADO,2026-05-25,2026-06-30,Yes,20,7500000,35,7500000,15,0,NO_CHANGE,0,0,0,"SPK (tidak ada skip)"
1YZ1-2604-0001,"WENANG MANADO",MANADO,2026-05-25,2026-06-15,Yes,0,0,20,7500000,20,7500000,INCREASE,0,0,0,"SPK (tidak ada skip)"
2VZ1-2603-0006,"LARA LUWU UTARA",LUWU,2026-05-25,2026-05-25,Yes,0,0,0,0,0,0,NO_CHANGE,0,0,0,"SPK (tidak ada skip)"
XZ01-2603-XB45-R,"CIMAHPAR BOGOR",BOGOR,2026-05-26,,No,0,0,0,0,0,0,NO_CHANGE,1,0,1,"SPK+1 (1 libur nasional)"
XZ01-2603-XB45-R,"CIMAHPAR BOGOR",BOGOR,2026-05-26,,No,0,0,0,0,0,0,NO_CHANGE,1,0,1,"SPK+1 (1 libur nasional)"
XZ01-2603-XB56-R,"KEDUNGMANGU",BOGOR,2026-05-26,,No,0,0,0,0,0,0,NO_CHANGE,1,0,1,"SPK+1 (1 libur nasional)"
XZ01-2603-XB56-R,"KEDUNGMANGU",BOGOR,2026-05-26,,No,0,0,0,0,0,0,NO_CHANGE,1,0,1,"SPK+1 (1 libur nasional)"
2VZ1-2605-R413-R,"KELAPA PALOPO",LUWU,2026-05-26,2026-05-26,Yes,0,0,0,0,0,0,NO_CHANGE,1,0,1,"SPK+1 (1 libur nasional)"
2AZ1-2603-0001,"SAT BUMIMULYO PATI",REMBANG,2026-05-26,2026-05-26,Yes,0,0,0,0,0,0,NO_CHANGE,1,0,1,"SPK+1 (1 libur nasional)"
2AZ1-2603-0001,"SAT BUMIMULYO PATI",REMBANG,2026-05-26,2026-05-26,Yes,0,0,0,0,0,0,NO_CHANGE,1,0,1,"SPK+1 (1 libur nasional)"
RZ01-2512-0003,"TAROADA MAROS",MAKASSAR,2026-05-27,,No,0,0,0,0,0,0,NO_CHANGE,0,0,0,"SPK (tidak ada skip)"
RZ01-2512-0003,"TAROADA MAROS",MAKASSAR,2026-05-27,,No,0,0,0,0,0,0,NO_CHANGE,0,0,0,"SPK (tidak ada skip)"
1GZ1-2602-0001,"ALFAMART PULPIS MANTEREN",BANJARMASIN,2026-05-28,,No,0,0,0,0,0,0,NO_CHANGE,0,0,0,"SPK (tidak ada skip)"
1GZ1-2602-0001,"ALFAMART PULPIS MANTEREN",BANJARMASIN,2026-05-28,,No,0,0,0,0,0,0,NO_CHANGE,0,0,0,"SPK (tidak ada skip)"
WZ01-2602-0010,"GRIGIT",MEDAN,2026-05-28,2026-06-30,Yes,32,7500000,32,7500000,0,0,NO_CHANGE,0,0,0,"SPK (tidak ada skip)"
WZ01-2602-0010,"GRIGIT",MEDAN,2026-05-28,2026-06-30,Yes,0,0,32,7500000,32,7500000,INCREASE,0,0,0,"SPK (tidak ada skip)"
1JZ1-2605-1JK5-R,"RAYA KERTASARI",KARAWANG,2026-05-29,2026-06-03,Yes,2,2000000,1,1000000,-1,-1000000,REDUCTION,3,2,1,"SPK+3 (2 weekend, 1 libur nasional)"
2JZ1-2603-0003,"GUNUNG JAYA",CIANJUR,2026-05-29,2026-06-02,Yes,1,1000000,0,0,-1,-1000000,REDUCTION,3,2,1,"SPK+3 (2 weekend, 1 libur nasional)"
2JZ1-2603-0003,"GUNUNG JAYA",CIANJUR,2026-05-29,2026-06-02,Yes,0,0,0,0,0,0,NO_CHANGE,3,2,1,"SPK+3 (2 weekend, 1 libur nasional)"
KZ01-2601-0002,"KORINDO",BINTAN,2026-05-30,,No,0,0,0,0,0,0,NO_CHANGE,2,1,1,"SPK+2 (1 weekend, 1 libur nasional)"
KZ01-2601-0002,"KORINDO",BINTAN,2026-05-30,,No,0,0,0,0,0,0,NO_CHANGE,2,1,1,"SPK+2 (1 weekend, 1 libur nasional)"
1JZ1-2604-0001,"RAYA DEWI AIR_KARAWANG",KARAWANG,2026-05-30,2026-06-05,Yes,3,3000000,3,3000000,0,0,NO_CHANGE,2,1,1,"SPK+2 (1 weekend, 1 libur nasional)"
1JZ1-2604-0001,"RAYA DEWI AIR_KARAWANG",KARAWANG,2026-05-30,2026-06-04,Yes,0,0,2,2000000,2,2000000,INCREASE,2,1,1,"SPK+2 (1 weekend, 1 libur nasional)"
1YZ1-2603-0001,"A.A. MARAMIS BITUNG",MANADO,2026-05-30,,No,0,0,0,0,0,0,NO_CHANGE,2,1,1,"SPK+2 (1 weekend, 1 libur nasional)"
1YZ1-2603-0001,"A.A. MARAMIS BITUNG",MANADO,2026-05-30,,No,0,0,0,0,0,0,NO_CHANGE,2,1,1,"SPK+2 (1 weekend, 1 libur nasional)"
XZ01-2601-X330-R,"PEKAPURAN PABUARAN",BOGOR,2026-05-30,,No,0,0,0,0,0,0,NO_CHANGE,2,1,1,"SPK+2 (1 weekend, 1 libur nasional)"
XZ01-2601-X330-R,"PEKAPURAN PABUARAN",BOGOR,2026-05-30,,No,0,0,0,0,0,0,NO_CHANGE,2,1,1,"SPK+2 (1 weekend, 1 libur nasional)"
Z001-2605-0001,"TestFile",HEAD OFFICE,2026-05-31,2026-05-21,Yes,0,0,0,0,0,0,NO_CHANGE,1,0,1,"SPK+1 (1 libur nasional)"
UZ01-2602-0010,"KPG OESAPA BARU",NTT,2026-05-31,2026-06-17,Yes,16,7500000,15,7500000,-1,0,NO_CHANGE,1,0,1,"SPK+1 (1 libur nasional)"
UZ01-2602-0010,"KPG OESAPA BARU",NTT,2026-05-31,2026-06-17,Yes,0,0,15,7500000,15,7500000,INCREASE,1,0,1,"SPK+1 (1 libur nasional)"
2VZ1-2605-R378-R,"JENSUD DLUX PALOPO",LUWU,2026-06-02,2026-06-02,Yes,0,0,0,0,0,0,NO_CHANGE,1,0,1,"SPK+1 (1 libur nasional)"
2VZ1-2603-0005,"RADDA LUTRA",LUWU,2026-06-02,,No,0,0,0,0,0,0,NO_CHANGE,0,0,0,"SPK (tidak ada skip)"
2JZ1-1903-0012-R,"TOKO DC CIANJUR",CIANJUR,2026-06-03,2026-06-04,Yes,0,0,0,0,0,0,NO_CHANGE,0,0,0,"SPK (tidak ada skip)"
2JZ1-1903-0012-R,"TOKO DC CIANJUR",CIANJUR,2026-06-03,2026-06-04,Yes,0,0,0,0,0,0,NO_CHANGE,0,0,0,"SPK (tidak ada skip)"
PZ01-2603-PC27-R,"TANJUNG RAJA 3",PALEMBANG,2026-06-03,,No,0,0,0,0,0,0,NO_CHANGE,0,0,0,"SPK (tidak ada skip)"
PZ01-2603-PC27-R,"TANJUNG RAJA 3",PALEMBANG,2026-06-03,,No,0,0,0,0,0,0,NO_CHANGE,0,0,0,"SPK (tidak ada skip)"
PZ01-2511-0004-R,"LAWANG WETAN - MUSI BANYUASIN",PALEMBANG,2026-06-03,,No,0,0,0,0,0,0,NO_CHANGE,0,0,0,"SPK (tidak ada skip)"
PZ01-2603-PC28-R,"LAWANG WETAN - MUSI BANYUASIN",PALEMBANG,2026-06-03,,No,0,0,0,0,0,0,NO_CHANGE,0,0,0,"SPK (tidak ada skip)"
1AZ1-2602-0006-R,"MELATI PUTIH PEKANBARU",PEKANBARU,2026-06-03,,No,0,0,0,0,0,0,NO_CHANGE,0,0,0,"SPK (tidak ada skip)"
1AZ1-2602-0006,"ALFA MELATI PUTIH",PEKANBARU,2026-06-03,2026-06-01,Yes,0,0,0,0,0,0,NO_CHANGE,0,0,0,"SPK (tidak ada skip)"
TZ01-2603-TC56-R,"GOP 9",BALARAJA,2026-06-03,2026-06-02,Yes,0,0,0,0,0,0,NO_CHANGE,0,0,0,"SPK (tidak ada skip)"
TZ01-2603-TC56-R,"GOP 9",BALARAJA,2026-06-03,2026-06-02,Yes,0,0,0,0,0,0,NO_CHANGE,0,0,0,"SPK (tidak ada skip)"
UZ01-2602-0014,"JAKARTA 1 SMD",SIDOARJO BPN_SMD,2026-06-03,,No,0,0,0,0,0,0,NO_CHANGE,0,0,0,"SPK (tidak ada skip)"
UZ01-2602-0014,"JAKARTA 1 SMD",SIDOARJO BPN_SMD,2026-06-03,,No,0,0,0,0,0,0,NO_CHANGE,0,0,0,"SPK (tidak ada skip)"
UZ01-2602-0009,"KPG PERINTIS KELAPA LIMA",NTT,2026-06-03,2026-06-16,Yes,0,0,12,7500000,12,7500000,INCREASE,0,0,0,"SPK (tidak ada skip)"
UZ01-2602-0009,"KPG PERINTIS KELAPA LIMA",NTT,2026-06-03,2026-06-16,Yes,0,0,12,7500000,12,7500000,INCREASE,0,0,0,"SPK (tidak ada skip)"
PZ01-2604-PC35-R,"SIMPANG TUNGKAL - MUSI BANYUASIN",PALEMBANG,2026-06-04,,No,0,0,0,0,0,0,NO_CHANGE,0,0,0,"SPK (tidak ada skip)"
OZ01-2602-0010,"PUCANGAN",KLATEN,2026-06-04,,No,0,0,0,0,0,0,NO_CHANGE,0,0,0,"SPK (tidak ada skip)"
TZ01-2602-KC06-R,"TMN PALEM LESTARI 3",BALARAJA,2026-06-05,,No,0,0,0,0,0,0,NO_CHANGE,1,0,1,"SPK+1 (1 libur nasional)"
2SZ1-2512-0002,"LEATO SELATAN",GORONTALO,2026-06-05,,No,0,0,0,0,0,0,NO_CHANGE,2,2,0,"SPK+2 (2 weekend)"
2SZ1-2512-0002,"LEATO SELATAN",GORONTALO,2026-06-05,,No,0,0,0,0,0,0,NO_CHANGE,2,2,0,"SPK+2 (2 weekend)"
1MZ1-2602-0002,"Alfamart Serua Bojong Sari",PARUNG,2026-06-05,,No,0,0,0,0,0,0,NO_CHANGE,2,2,0,"SPK+2 (2 weekend)"
1MZ1-2602-0002,"Alfamart Serua Bojong Sari",PARUNG,2026-06-05,,No,0,0,0,0,0,0,NO_CHANGE,2,2,0,"SPK+2 (2 weekend)"
2SZ1-2603-0001-R,"DALAPULI BOLMUT",GORONTALO,2026-06-06,2026-06-15,Yes,7,6000000,7,6000000,0,0,NO_CHANGE,1,1,0,"SPK+1 (1 weekend)"
2SZ1-2603-0001-R,"DALAPULI BOLMUT",GORONTALO,2026-06-06,2026-06-16,Yes,0,0,8,6500000,8,6500000,INCREASE,1,1,0,"SPK+1 (1 weekend)"
2VZ1-2603-0004,"TAMUKU LUWU UTARA",LUWU,2026-06-06,2026-06-06,Yes,0,0,0,0,0,0,NO_CHANGE,0,0,0,"SPK (tidak ada skip)"
2VZ1-2603-0004,"TAMUKU LUWU UTARA",LUWU,2026-06-06,2026-06-06,Yes,0,0,0,0,0,0,NO_CHANGE,0,0,0,"SPK (tidak ada skip)"
1GZ1-2406-0001,"PUNTIK",BANJARMASIN,2026-06-06,,No,0,0,0,0,0,0,NO_CHANGE,1,1,0,"SPK+1 (1 weekend)"
1GZ1-2406-0001,"PUNTIK",BANJARMASIN,2026-06-06,,No,0,0,0,0,0,0,NO_CHANGE,1,1,0,"SPK+1 (1 weekend)"
RZ01-2604-0004,"TAMALAYYANG GOWA",MAKASSAR,2026-06-06,2026-07-03,Yes,25,7500000,25,7500000,0,0,NO_CHANGE,1,1,0,"SPK+1 (1 weekend)"
RZ01-2604-0004,"TAMALAYYANG GOWA",MAKASSAR,2026-06-06,2026-07-03,Yes,0,0,25,7500000,25,7500000,INCREASE,1,1,0,"SPK+1 (1 weekend)"
2VZ1-2604-0001-R,"KH. MUH. KASIM PALOPO",LUWU,2026-06-07,2026-06-24,Yes,16,7500000,16,7500000,0,0,NO_CHANGE,0,0,0,"SPK (tidak ada skip)"
2VZ1-2604-0001-R,"KH. MUH. KASIM",LUWU,2026-06-07,2026-06-24,Yes,0,0,16,7500000,16,7500000,INCREASE,0,0,0,"SPK (tidak ada skip)"
HZ01-2604-H070-R,"LAMPER TENGAH SMG",SEMARANG,2026-06-07,2026-06-05,Yes,0,0,0,0,0,0,NO_CHANGE,0,0,0,"SPK (tidak ada skip)"
1JZ1-2604-1J72-R,"INTERCHANGE KARABA",KARAWANG,2026-06-07,2026-06-15,Yes,7,6000000,7,6000000,0,0,NO_CHANGE,0,0,0,"SPK (tidak ada skip)"
2VZ1-2603-0001,"BULU CENRANA SIDRAP",LUWU,2026-06-08,2026-06-25,Yes,0,0,16,7500000,16,7500000,INCREASE,0,0,0,"SPK (tidak ada skip)"
1PZ1-2509-0003,"SIMPANG PELANJAU",PONTIANAK,2026-06-09,,No,0,0,0,0,0,0,NO_CHANGE,0,0,0,"SPK (tidak ada skip)"
1PZ1-2509-0003,"SIMPANG PELANJAU",PONTIANAK,2026-06-09,,No,0,0,0,0,0,0,NO_CHANGE,0,0,0,"SPK (tidak ada skip)"
1GZ1-2604-0001,"NINDANG BASARANG",BANJARMASIN,2026-06-09,,No,0,0,0,0,0,0,NO_CHANGE,0,0,0,"SPK (tidak ada skip)"
1GZ1-2604-0001,"NINDANG BASARANG",BANJARMASIN,2026-06-09,,No,0,0,0,0,0,0,NO_CHANGE,0,0,0,"SPK (tidak ada skip)"
2VZ1-2603-0005,"RADDA LUTRA",LUWU,2026-06-10,2026-07-03,Yes,22,7500000,22,7500000,0,0,NO_CHANGE,0,0,0,"SPK (tidak ada skip)"
XZ01-2602-X716-R,"KEADILAN 2",BOGOR,2026-06-11,,No,0,0,0,0,0,0,NO_CHANGE,0,0,0,"SPK (tidak ada skip)"
TZ01-2603-A645-R,"PARIGI PONDOK AREN",BALARAJA,2026-06-12,,No,0,0,0,0,0,0,NO_CHANGE,2,2,0,"SPK+2 (2 weekend)"
TZ01-2603-A645-R,"PARIGI PONDOK AREN",BALARAJA,2026-06-12,,No,0,0,0,0,0,0,NO_CHANGE,2,2,0,"SPK+2 (2 weekend)"
TZ01-2603-TE01-R,"PALEM PURI",BALARAJA,2026-06-12,,No,0,0,0,0,0,0,NO_CHANGE,2,2,0,"SPK+2 (2 weekend)"
TZ01-2603-TE01-R,"PALEM PURI",BALARAJA,2026-06-12,,No,0,0,0,0,0,0,NO_CHANGE,2,2,0,"SPK+2 (2 weekend)"
UZ01-2602-0012,"KPG NUNBAUN SABU",NTT,2026-06-12,,No,0,0,0,0,0,0,NO_CHANGE,0,0,0,"SPK (tidak ada skip)"
UZ01-2602-0012,"KPG NUNBAUN SABU",NTT,2026-06-12,,No,0,0,0,0,0,0,NO_CHANGE,0,0,0,"SPK (tidak ada skip)"
RZ01-2509-0004,"Poros Lumpue Pare Pare",MAKASSAR,2026-06-13,,No,0,0,0,0,0,0,NO_CHANGE,1,1,0,"SPK+1 (1 weekend)"
RZ01-2509-0004-R,"Poros Lumpue Pare Pare",MAKASSAR,2026-06-13,,No,0,0,0,0,0,0,NO_CHANGE,1,1,0,"SPK+1 (1 weekend)"
PZ01-2603-0031,"BETUNG BARAT",PALEMBANG,2026-06-13,,No,0,0,0,0,0,0,NO_CHANGE,1,1,0,"SPK+1 (1 weekend)"
1GZ1-2603-0005,"TAKARAS KOTA",BANJARMASIN,2026-06-13,,No,0,0,0,0,0,0,NO_CHANGE,1,1,0,"SPK+1 (1 weekend)"
1GZ1-2603-0005,"TAKARAS KOTA",BANJARMASIN,2026-06-13,,No,0,0,0,0,0,0,NO_CHANGE,1,1,0,"SPK+1 (1 weekend)"
1MZ1-2604-1M4P-R,"JL MOCH KAHFI",PARUNG,2026-06-13,2026-07-02,Yes,17,7500000,17,7500000,0,0,NO_CHANGE,1,1,0,"SPK+1 (1 weekend)"
1MZ1-2604-1M4P-R,"JL MOCH KAHFI",PARUNG,2026-06-13,2026-07-02,Yes,0,0,17,7500000,17,7500000,INCREASE,1,1,0,"SPK+1 (1 weekend)"
PZ01-2605-0009,"MERAPI 2",PALEMBANG,2026-06-13,,No,0,0,0,0,0,0,NO_CHANGE,1,1,0,"SPK+1 (1 weekend)"
PZ01-2605-0009,"MERAPI 2",PALEMBANG,2026-06-13,,No,0,0,0,0,0,0,NO_CHANGE,1,1,0,"SPK+1 (1 weekend)"
PZ01-0705-PC40-R,"BTS ULU - MUSI RAWAS",PALEMBANG,2026-06-13,,No,0,0,0,0,0,0,NO_CHANGE,1,1,0,"SPK+1 (1 weekend)"
1MZ1-2602-0004,"Darks Store Serua Bojong Sari",PARUNG,2026-06-13,,No,0,0,0,0,0,0,NO_CHANGE,1,1,0,"SPK+1 (1 weekend)"
1MZ1-2602-0004,"Dark Store Serua Bojong Sari",PARUNG,2026-06-13,,No,0,0,0,0,0,0,NO_CHANGE,1,1,0,"SPK+1 (1 weekend)"
PZ01-2603-P646-R,"TALANG JAWA",BENGKULU,2026-06-14,,No,0,0,0,0,0,0,NO_CHANGE,0,0,0,"SPK (tidak ada skip)"
PZ01-2603-P646-R,"TALANG JAWA",BENGKULU,2026-06-14,,No,0,0,0,0,0,0,NO_CHANGE,0,0,0,"SPK (tidak ada skip)"
YZ01-2604-0004,"MARGO TARUNO",JEMBER,2026-06-15,2026-06-25,Yes,0,0,8,6500000,8,6500000,INCREASE,1,0,1,"SPK+1 (1 libur nasional)"
1JZ1-2605-1J20-R,"SEGARAN",KARAWANG,2026-06-15,2026-06-17,Yes,1,1000000,0,0,-1,-1000000,REDUCTION,1,0,1,"SPK+1 (1 libur nasional)"
Z001-2603-0003,"Lantai 20",HEAD OFFICE,2026-06-15,,No,0,0,0,0,0,0,NO_CHANGE,1,0,1,"SPK+1 (1 libur nasional)"
BZ01-2602-0003,"CIBARENGKOK",BANDUNG RAYA,2026-06-15,2026-06-16,Yes,0,0,0,0,0,0,NO_CHANGE,1,1,0,"SPK+1 (1 weekend)"
BZ01-2602-0003,"CIBARENGKOK",BANDUNG RAYA,2026-06-15,2026-06-16,Yes,0,0,0,0,0,0,NO_CHANGE,0,0,0,"SPK (tidak ada skip)"
1PZ1-2509-0002,"MEMBULUH BARU",PONTIANAK,2026-06-15,,No,0,0,0,0,0,0,NO_CHANGE,0,0,0,"SPK (tidak ada skip)"
1PZ1-2509-0002,"MEMBULUH BARU",PONTIANAK,2026-06-15,,No,0,0,0,0,0,0,NO_CHANGE,0,0,0,"SPK (tidak ada skip)"
1PZ1-2509-0001,"SIMPANG SEDAWAK",PONTIANAK,2026-06-15,,No,0,0,0,0,0,0,NO_CHANGE,0,0,0,"SPK (tidak ada skip)"
1PZ1-2509-0001,"SIMPANG SEDAWAK",PONTIANAK,2026-06-15,,No,0,0,0,0,0,0,NO_CHANGE,0,0,0,"SPK (tidak ada skip)"
CZ01-2603-0001,"APARTEMEN STANDFORD MEIKARTA",BEKASI,2026-06-16,2026-06-18,Yes,1,1000000,1,1000000,0,0,NO_CHANGE,0,0,0,"SPK (tidak ada skip)"
CZ01-2603-0001,"APARTEMEN STANDFORD MEIKARTA",BEKASI,2026-06-16,2026-06-19,Yes,0,0,2,2000000,2,2000000,INCREASE,0,0,0,"SPK (tidak ada skip)"
2SZ1-2603-0002,"DUINI BOLMUT",GORONTALO,2026-06-16,2026-07-01,Yes,14,7500000,14,7500000,0,0,NO_CHANGE,1,1,0,"SPK+1 (1 weekend)"
2SZ1-2603-0002,"DUINI BOLMUT",GORONTALO,2026-06-16,2026-07-01,Yes,0,0,14,7500000,14,7500000,INCREASE,1,1,0,"SPK+1 (1 weekend)"
1SZ1-2603-0001,"ALFAMART TALOKO",SUMBAWA,2026-06-16,,No,0,0,0,0,0,0,NO_CHANGE,0,0,0,"SPK (tidak ada skip)"
IZ01-2603-0003,"RAYA KEMBANG KUNING",CILACAP,2026-06-17,2026-06-16,Yes,0,0,0,0,0,0,NO_CHANGE,0,0,0,"SPK (tidak ada skip)"
IZ01-2603-0003,"RAYA KEMBANG KUNING",CILACAP,2026-06-17,2026-06-15,Yes,0,0,0,0,0,0,NO_CHANGE,0,0,0,"SPK (tidak ada skip)"
1AZ1-2507-0006,"DRIVE THRU SOEKARNO HATTA",PEKANBARU,2026-06-17,2026-06-12,Yes,0,0,0,0,0,0,NO_CHANGE,0,0,0,"SPK (tidak ada skip)"
XZ01-2602-X716-R,"KEADILAN 2",BOGOR,2026-06-17,,No,0,0,0,0,0,0,NO_CHANGE,0,0,0,"SPK (tidak ada skip)"
RZ01-2604-0005,"BAREMBENG GOWA",MAKASSAR,2026-06-18,,No,0,0,0,0,0,0,NO_CHANGE,0,0,0,"SPK (tidak ada skip)"
RZ01-2604-0005,"BAREMBENG GOWA",MAKASSAR,2026-06-18,,No,0,0,0,0,0,0,NO_CHANGE,0,0,0,"SPK (tidak ada skip)"
2MZ1-2602-0002,"PURWOREJO NGAWI",MADIUN,2026-06-18,,No,19,7500000,0,0,-19,-7500000,REDUCTION,0,0,0,"SPK (tidak ada skip)"
2MZ1-2602-0002,"PURWOREJO NGAWI",MADIUN,2026-06-18,2026-07-08,Yes,0,0,19,7500000,19,7500000,INCREASE,0,0,0,"SPK (tidak ada skip)"
UZ01-2605-U728-R,"U728 TRUNOJOYO SUMENEP",SIDOARJO,2026-06-18,2026-06-20,Yes,1,1000000,1,1000000,0,0,NO_CHANGE,0,0,0,"SPK (tidak ada skip)"
UZ01-2508-0012,"PETEMON KALI II  SURABAYA",SIDOARJO,2026-06-19,2026-06-20,Yes,0,0,0,0,0,0,NO_CHANGE,2,2,0,"SPK+2 (2 weekend)"
UZ01-2508-0012,"PETEMON KALI II SBY",SIDOARJO,2026-06-19,2026-06-20,Yes,0,0,0,0,0,0,NO_CHANGE,2,2,0,"SPK+2 (2 weekend)"
UZ01-2601-0003,"KTR LOA LEPU",SIDOARJO BPN_SMD,2026-06-19,2026-06-19,Yes,0,0,0,0,0,0,NO_CHANGE,2,2,0,"SPK+2 (2 weekend)"
UZ01-2601-0003,"KTR LOA LEPU",SIDOARJO BPN_SMD,2026-06-19,2026-06-19,Yes,0,0,0,0,0,0,NO_CHANGE,2,2,0,"SPK+2 (2 weekend)"
CZ01-2604-0002,"TAMAN NAROGONG INDAH",BEKASI,2026-06-19,2026-06-23,Yes,0,0,1,1000000,1,1000000,INCREASE,0,0,0,"SPK (tidak ada skip)"
PZ01-1205-PC40-R,"BTS ULU - MUSI RAWAS",PALEMBANG,2026-06-19,,No,0,0,0,0,0,0,NO_CHANGE,2,2,0,"SPK+2 (2 weekend)"
RZ01-2509-0001,"LEMOE PARE",MAKASSAR,2026-06-20,,No,0,0,0,0,0,0,NO_CHANGE,1,1,0,"SPK+1 (1 weekend)"
1JZ1-2605-1J3U-R,"PESONA KALANGSURIA",KARAWANG,2026-06-20,2026-06-24,Yes,2,2000000,2,2000000,0,0,NO_CHANGE,1,1,0,"SPK+1 (1 weekend)"
1JZ1-2605-1J3U-R,"PESONA KALANGSURIA",KARAWANG,2026-06-20,2026-06-25,Yes,0,0,3,3000000,3,3000000,INCREASE,1,1,0,"SPK+1 (1 weekend)"
XZ01-2604-0002,"KOLONEL BUSTAMI",BOGOR,2026-06-20,,No,0,0,0,0,0,0,NO_CHANGE,1,1,0,"SPK+1 (1 weekend)"
XZ01-2604-0002,"KOLONEL BUSTAMI",BOGOR,2026-06-20,,No,0,0,0,0,0,0,NO_CHANGE,1,1,0,"SPK+1 (1 weekend)"
RZ01-2509-0001,"LEMOE PARE",MAKASSAR,2026-06-21,,No,0,0,0,0,0,0,NO_CHANGE,0,0,0,"SPK (tidak ada skip)"
2VZ1-2603-0001,"BULU CENRANA SIDRAP",LUWU,2026-06-23,2026-06-24,Yes,0,0,0,0,0,0,NO_CHANGE,0,0,0,"SPK (tidak ada skip)"
1MZ1-2604-1M8U-R,"srengseng sawah 3",PARUNG,2026-06-23,2026-07-02,Yes,8,6500000,8,6500000,0,0,NO_CHANGE,0,0,0,"SPK (tidak ada skip)"
1MZ1-2604-1M8U-R,"SRENGSENG SAWAH 3",PARUNG,2026-06-23,,No,0,0,0,0,0,0,NO_CHANGE,0,0,0,"SPK (tidak ada skip)"
2SZ1-2603-0005,"BUSISINGO UTARA",GORONTALO,2026-06-24,,No,0,0,0,0,0,0,NO_CHANGE,0,0,0,"SPK (tidak ada skip)"
2SZ1-2603-0005,"BUSISINGO UTARA",GORONTALO,2026-06-24,,No,0,0,0,0,0,0,NO_CHANGE,0,0,0,"SPK (tidak ada skip)"
2PZ1-I034-0526,"AW SUMARMO",TEGAL,2026-06-24,2026-06-22,Yes,0,0,0,0,0,0,NO_CHANGE,0,0,0,"SPK (tidak ada skip)"
2PZ1-I034-0526,"AW SUMARMO",TEGAL,2026-06-24,2026-06-22,Yes,0,0,0,0,0,0,NO_CHANGE,0,0,0,"SPK (tidak ada skip)"
OZ01-2603-0004,"ALFAMART GUMPANG",KLATEN,2026-06-24,,No,0,0,0,0,0,0,NO_CHANGE,0,0,0,"SPK (tidak ada skip)"
OZ01-2603-0004,"ALFAMART GUMPANG",KLATEN,2026-06-24,,No,0,0,0,0,0,0,NO_CHANGE,0,0,0,"SPK (tidak ada skip)"
LZ01-2605-0002,"AHMAD YANI BATURAJA",KOTABUMI,2026-06-24,2026-06-26,Yes,1,1000000,1,1000000,0,0,NO_CHANGE,0,0,0,"SPK (tidak ada skip)"
LZ01-2605-0002,"AHMAD YANI BATURAJA",LAMPUNG,2026-06-24,2026-06-26,Yes,1,1000000,1,1000000,0,0,NO_CHANGE,0,0,0,"SPK (tidak ada skip)"
YZ01-2604-0004,"MARGO TARUNO",JEMBER,2026-06-25,2026-06-25,Yes,0,0,0,0,0,0,NO_CHANGE,1,0,1,"SPK+1 (1 libur nasional)"
1GZ1-2603-0003,"LINTAS TAMIANG LAYANG",BANJARMASIN,2026-06-25,,No,0,0,0,0,0,0,NO_CHANGE,0,0,0,"SPK (tidak ada skip)"
1GZ1-2603-0003,"LINTAS TAMIANG LAYANG",BANJARMASIN,2026-06-25,,No,0,0,0,0,0,0,NO_CHANGE,0,0,0,"SPK (tidak ada skip)"
1AZ1-2602-0002,"NAGA SAKTI PEKANBARU",PEKANBARU,2026-06-25,2026-06-24,Yes,0,0,0,0,0,0,NO_CHANGE,0,0,0,"SPK (tidak ada skip)"
1AZ1-2602-0003,"NAGA SAKTI PEKANBARU",PEKANBARU,2026-06-25,2026-06-24,Yes,0,0,0,0,0,0,NO_CHANGE,0,0,0,"SPK (tidak ada skip)"
CZ01-2603-0003,"RUKO LAVANYA",BEKASI,2026-06-25,2026-07-06,Yes,10,7500000,10,7500000,0,0,NO_CHANGE,0,0,0,"SPK (tidak ada skip)"
CZ01-2603-0003,"RUKO LAVANYA",BEKASI,2026-06-25,2026-07-06,Yes,0,0,10,7500000,10,7500000,INCREASE,0,0,0,"SPK (tidak ada skip)"
TZ01-2605-TH31-R,"UBM Tower 2",BALARAJA,2026-06-25,,No,0,0,0,0,0,0,NO_CHANGE,0,0,0,"SPK (tidak ada skip)"
1MZ1-2605-1M1C-R,"Beruang",PARUNG,2026-06-25,,No,0,0,0,0,0,0,NO_CHANGE,0,0,0,"SPK (tidak ada skip)"
1MZ1-2605-1M1C-R,"Beruang",PARUNG,2026-06-25,,No,0,0,0,0,0,0,NO_CHANGE,0,0,0,"SPK (tidak ada skip)"
2SZ1-2508-0009,"HEPUHULAWA LIMBOTO",GORONTALO,2026-06-26,2026-07-01,Yes,0,0,2,2000000,2,2000000,INCREASE,0,0,0,"SPK (tidak ada skip)"
2SZ1-2508-0009,"HEPUHULAWA LIMBOTO",GORONTALO,2026-06-26,2026-06-26,Yes,0,0,0,0,0,0,NO_CHANGE,0,0,0,"SPK (tidak ada skip)"
IZ01-2601-0009,"WR SUPRATMAN",CILACAP,2026-06-26,2026-06-26,Yes,0,0,0,0,0,0,NO_CHANGE,2,2,0,"SPK+2 (2 weekend)"
IZ01-2601-0009,"WR SUPRATMAN",CILACAP,2026-06-26,2026-06-26,Yes,0,0,0,0,0,0,NO_CHANGE,2,2,0,"SPK+2 (2 weekend)"
1JZ1-2605-1JS1-R,"RAYA KERTABUMI ",KARAWANG,2026-06-26,2026-06-25,Yes,0,0,0,0,0,0,NO_CHANGE,2,2,0,"SPK+2 (2 weekend)"
TZ01-2604-0004,"STA Jatake Jaha",BALARAJA,2026-06-26,,No,0,0,0,0,0,0,NO_CHANGE,2,2,0,"SPK+2 (2 weekend)"
TZ01-2604-0004,"STA Jatake Jaha",BALARAJA,2026-06-26,,No,0,0,0,0,0,0,NO_CHANGE,2,2,0,"SPK+2 (2 weekend)"
CZ01-2604-0002,"TAMAN NAROGONG",BEKASI,2026-06-26,2026-06-23,Yes,0,0,0,0,0,0,NO_CHANGE,2,2,0,"SPK+2 (2 weekend)"
WZ01-2405-0003-R,"BANDARA SIM 2",MEDAN,2026-06-26,,No,0,0,0,0,0,0,NO_CHANGE,2,2,0,"SPK+2 (2 weekend)"
WZ01-2405-0003-R,"BANDARA SIM 2",MEDAN,2026-06-26,,No,0,0,0,0,0,0,NO_CHANGE,2,2,0,"SPK+2 (2 weekend)"
XZ01-2604-X768-R,"VETERAN 2",BOGOR,2026-06-27,,No,0,0,0,0,0,0,NO_CHANGE,1,1,0,"SPK+1 (1 weekend)"
XZ01-2604-X768-R,"VETERAN 2",BOGOR,2026-06-27,,No,0,0,0,0,0,0,NO_CHANGE,1,1,0,"SPK+1 (1 weekend)"
PZ01-2057-0011-R,"CINTA MANIS BARU - BANYUASIN",PALEMBANG,2026-06-27,,No,0,0,0,0,0,0,NO_CHANGE,1,1,0,"SPK+1 (1 weekend)"
PZ01-2057-0011-R,"CINTA MANIS BARU - BANYUASIN",PALEMBANG,2026-06-27,,No,0,0,0,0,0,0,NO_CHANGE,1,1,0,"SPK+1 (1 weekend)"
RZ01-2604-0011,"PK. KAPASA",MAKASSAR,2026-06-27,,No,0,0,0,0,0,0,NO_CHANGE,1,1,0,"SPK+1 (1 weekend)"
RZ01-2604-0011,"PK KAPASA",MAKASSAR,2026-06-27,,No,0,0,0,0,0,0,NO_CHANGE,1,1,0,"SPK+1 (1 weekend)"
HZ01-2604-HD65-R,"CEPOKO BARU SMG",SEMARANG,2026-06-27,2026-06-29,Yes,0,0,0,0,0,0,NO_CHANGE,1,1,0,"SPK+1 (1 weekend)"
KZ01-2605-AD78-R,"KEBON NANAS",CIKOKOL,2026-06-28,2026-06-29,Yes,0,0,0,0,0,0,NO_CHANGE,0,0,0,"SPK (tidak ada skip)"
WZ01-2602-0019,"Sukamandi Hilir",MEDAN,2026-06-28,2026-06-30,Yes,1,1000000,1,1000000,0,0,NO_CHANGE,0,0,0,"SPK (tidak ada skip)"
WZ01-2602-0019,"sukamandi hilir",MEDAN,2026-06-28,,No,0,0,0,0,0,0,NO_CHANGE,0,0,0,"SPK (tidak ada skip)"
WZ01-2604-0010,"SUNGAI KANAN",MEDAN,2026-06-28,,No,0,0,0,0,0,0,NO_CHANGE,0,0,0,"SPK (tidak ada skip)"
WZ01-2604-0010,"SUNGAI KANAN",MEDAN,2026-06-28,2026-06-29,Yes,0,0,0,0,0,0,NO_CHANGE,0,0,0,"SPK (tidak ada skip)"
HZ01-2604-H168-R,"UNTUNG SUROPATI SMG",SEMARANG,2026-06-28,2026-06-29,Yes,0,0,0,0,0,0,NO_CHANGE,0,0,0,"SPK (tidak ada skip)"
UZ01-2602-0023,"RAYA LONTAR",SIDOARJO,2026-06-29,2026-06-30,Yes,0,0,0,0,0,0,NO_CHANGE,2,2,0,"SPK+2 (2 weekend)"
UZ01-2602-0023,"RAYA LONTAR",SIDOARJO,2026-06-29,2026-07-02,Yes,0,0,2,2000000,2,2000000,INCREASE,2,2,0,"SPK+2 (2 weekend)"
IZ01-2603-0010,"RAYA KLEDUNG KRADENAN",CILACAP,2026-07-01,2026-07-08,Yes,0,0,6,5500000,6,5500000,INCREASE,0,0,0,"SPK (tidak ada skip)"
CZ01-2603-0002,"DS PULO GEBANG",BEKASI,2026-07-01,2026-07-08,Yes,6,5500000,6,5500000,0,0,NO_CHANGE,0,0,0,"SPK (tidak ada skip)"
CZ01-2603-0002,"DS PULO GEBANG",BEKASI,2026-07-01,2026-07-08,Yes,0,0,6,5500000,6,5500000,INCREASE,0,0,0,"SPK (tidak ada skip)"
LZ01-2603-0001,"SIMPANG PEMATANG",KOTABUMI,2026-07-02,2026-07-06,Yes,3,3000000,3,3000000,0,0,NO_CHANGE,0,0,0,"SPK (tidak ada skip)"
LZ01-2603-0001,"SIMPANG PEMATANG",LAMPUNG,2026-07-02,2026-07-06,Yes,3,3000000,3,3000000,0,0,NO_CHANGE,0,0,0,"SPK (tidak ada skip)"
JZ01-2604-0003,"SWASEMBADA TIMUR V",CILEUNGSI,2026-07-02,,No,0,0,0,0,0,0,NO_CHANGE,0,0,0,"SPK (tidak ada skip)"
1SZ1-1S38-0000-R,"ALFAMART SEKOTONG",LOMBOK,2026-07-02,,No,0,0,0,0,0,0,NO_CHANGE,0,0,0,"SPK (tidak ada skip)"
TZ01-2604-1M18-R,"RUKO AGRICOLA 2",BALARAJA,2026-07-03,2026-06-30,Yes,0,0,0,0,0,0,NO_CHANGE,0,0,0,"SPK (tidak ada skip)"
TZ01-2604-1M18-R,"RUKO AGRICOLA 2",BALARAJA,2026-07-03,2026-07-03,Yes,0,0,0,0,0,0,NO_CHANGE,0,0,0,"SPK (tidak ada skip)"
WZ01-2604-0009,"SIGURA GURA",MEDAN,2026-07-03,2026-07-10,Yes,5,5000000,4,4000000,-1,-1000000,REDUCTION,2,2,0,"SPK+2 (2 weekend)"
WZ01-2604-0009,"SIGURA GURA",MEDAN,2026-07-03,,No,0,0,0,0,0,0,NO_CHANGE,2,2,0,"SPK+2 (2 weekend)"
PZ01-2604-0139,"KEBUN BUNGA",PALEMBANG,2026-07-03,,No,0,0,0,0,0,0,NO_CHANGE,2,2,0,"SPK+2 (2 weekend)"
PZ01-2604-0139,"KEBUN BUNGA",PALEMBANG,2026-07-03,,No,0,0,0,0,0,0,NO_CHANGE,2,2,0,"SPK+2 (2 weekend)"
1GZ1-2605-0005,"JATI UJUNG",BANJARMASIN,2026-07-03,,No,0,0,0,0,0,0,NO_CHANGE,2,2,0,"SPK+2 (2 weekend)"
1GZ1-2605-0005,"JATI UJUNG",BANJARMASIN,2026-07-03,,No,0,0,0,0,0,0,NO_CHANGE,2,2,0,"SPK+2 (2 weekend)"
JZ01-2604-0009,"Taman Malaka Selatan",CILEUNGSI,2026-07-04,2026-06-19,Yes,0,0,0,0,0,0,NO_CHANGE,1,1,0,"SPK+1 (1 weekend)"
JZ01-2604-0009,"Taman Malaka Selatan",CILEUNGSI,2026-07-04,2026-07-01,Yes,0,0,0,0,0,0,NO_CHANGE,1,1,0,"SPK+1 (1 weekend)"
JZ01-1201-0002-R,"BOULEVARD RAYA 5 FLAGSHIP STORE",CILEUNGSI,2026-07-04,,No,0,0,0,0,0,0,NO_CHANGE,1,1,0,"SPK+1 (1 weekend)"
JZ01-1201-0002-R,"BOULEVARD RAYA 5 FLAGSHIP STORE",CILEUNGSI,2026-07-04,,No,0,0,0,0,0,0,NO_CHANGE,1,1,0,"SPK+1 (1 weekend)"
1GZ1-2604-1GB4-R,"INTAN SARI",BANJARMASIN,2026-07-05,,No,0,0,0,0,0,0,NO_CHANGE,0,0,0,"SPK (tidak ada skip)"
1GZ1-2604-1GB4-R,"INTAN SARI",BANJARMASIN,2026-07-05,,No,0,0,0,0,0,0,NO_CHANGE,0,0,0,"SPK (tidak ada skip)"
WZ01-2601-0001,"Pangururan",MEDAN,2026-07-05,2026-07-10,Yes,4,4000000,4,4000000,0,0,NO_CHANGE,0,0,0,"SPK (tidak ada skip)"
WZ01-2601-0001,"Pangururan",MEDAN,2026-07-05,,No,0,0,0,0,0,0,NO_CHANGE,0,0,0,"SPK (tidak ada skip)"
HZ01-2604-0001,"NOTOMUDIGDO KENDAL",SEMARANG,2026-07-05,2026-07-07,Yes,0,0,1,1000000,1,1000000,INCREASE,0,0,0,"SPK (tidak ada skip)"
LZ01-2604-L744-R,"TERM. EXT. BAKAUHENI",LAMPUNG,2026-07-05,2026-07-06,Yes,0,0,0,0,0,0,NO_CHANGE,0,0,0,"SPK (tidak ada skip)"
LZ01-2604-L744-R,"TERM. EXT. BAKAUHENI",LAMPUNG,2026-07-05,2026-07-06,Yes,0,0,0,0,0,0,NO_CHANGE,0,0,0,"SPK (tidak ada skip)"
KZ01-1410-0001-R,"Perjuangan Kebon Jeruk 2",CIKOKOL,2026-07-06,2026-07-06,Yes,0,0,0,0,0,0,NO_CHANGE,2,2,0,"SPK+2 (2 weekend)"
KZ01-1410-0001-R,"PERJUANGAN KEBON JERUK 2",CIKOKOL,2026-07-06,2026-07-06,Yes,0,0,0,0,0,0,NO_CHANGE,2,2,0,"SPK+2 (2 weekend)"
1PZ1-2509-0010,"PAGAR MENTIMUN",PONTIANAK,2026-07-06,,No,0,0,0,0,0,0,NO_CHANGE,0,0,0,"SPK (tidak ada skip)"
1GZ1-2604-0013,"A YANI LAMANDAU ",BANJARMASIN,2026-07-06,,No,0,0,0,0,0,0,NO_CHANGE,0,0,0,"SPK (tidak ada skip)"
1GZ1-2604-0013,"A. YANI",BANJARMASIN,2026-07-06,,No,0,0,0,0,0,0,NO_CHANGE,0,0,0,"SPK (tidak ada skip)"
HZ01-2604-0001,"NOTOMUDIGDO KENDAL",SEMARANG,2026-07-06,2026-07-07,Yes,0,0,0,0,0,0,NO_CHANGE,0,0,0,"SPK (tidak ada skip)"
XZ01-2604-XC27-R,"VILLA MUTIARA",BOGOR,2026-07-07,2026-07-08,Yes,0,0,0,0,0,0,NO_CHANGE,0,0,0,"SPK (tidak ada skip)"
XZ01-2604-XC27-R,"VILLA MUTIARA",BOGOR,2026-07-07,2026-07-08,Yes,0,0,0,0,0,0,NO_CHANGE,0,0,0,"SPK (tidak ada skip)"
XZ01-2604-0003,"TARUNA JAYA NO 10",BOGOR,2026-07-07,2026-07-07,Yes,0,0,0,0,0,0,NO_CHANGE,0,0,0,"SPK (tidak ada skip)"
XZ01-2604-0003,"TARUNA JAYA NO 10",BOGOR,2026-07-07,2026-07-07,Yes,0,0,0,0,0,0,NO_CHANGE,0,0,0,"SPK (tidak ada skip)"
KZ01-2604-0001,"PALMERAH BARAT II",CIKOKOL,2026-07-07,2026-07-07,Yes,0,0,0,0,0,0,NO_CHANGE,0,0,0,"SPK (tidak ada skip)"
KZ01-2604-0001,"PALMERAH BARAT II",CIKOKOL,2026-07-07,,No,0,0,0,0,0,0,NO_CHANGE,0,0,0,"SPK (tidak ada skip)"
2DZ1-2604-0001-R,"DERMAGA SUKAJADI",BATAM,2026-07-07,2026-07-08,Yes,0,0,0,0,0,0,NO_CHANGE,0,0,0,"SPK (tidak ada skip)"
2DZ1-2604-0001-R,"DERMAGA SUKAJADI",BATAM,2026-07-07,2026-07-08,Yes,0,0,0,0,0,0,NO_CHANGE,0,0,0,"SPK (tidak ada skip)"
UZ01-2603-0021,"DI PANJAITAN BPN",SIDOARJO BPN_SMD,2026-07-07,2026-07-10,Yes,2,2000000,2,2000000,0,0,NO_CHANGE,0,0,0,"SPK (tidak ada skip)"
UZ01-2603-0021,"DI PANJAITAN BPN",SIDOARJO BPN_SMD,2026-07-07,2026-07-10,Yes,0,0,2,2000000,2,2000000,INCREASE,0,0,0,"SPK (tidak ada skip)"
PZ01-2604-P033-R,"TANAH MAS",PALEMBANG,2026-07-07,,No,0,0,0,0,0,0,NO_CHANGE,0,0,0,"SPK (tidak ada skip)"
PZ01-2604-P033-R,"TANAH MAS",PALEMBANG,2026-07-07,,No,0,0,0,0,0,0,NO_CHANGE,0,0,0,"SPK (tidak ada skip)"
1JZ1-2606-CA26-R,"KUSUMAATMAJA",KARAWANG,2026-07-07,2026-07-07,Yes,0,0,0,0,0,0,NO_CHANGE,0,0,0,"SPK (tidak ada skip)"
1JZ1-2606-CA26-R,"KUSUMAATMAJA",KARAWANG,2026-07-07,2026-07-07,Yes,0,0,0,0,0,0,NO_CHANGE,0,0,0,"SPK (tidak ada skip)"
1JZ1-2605-1JS1-R,"RAYA KERTABUMI",KARAWANG,2026-07-07,2026-06-25,Yes,0,0,0,0,0,0,NO_CHANGE,0,0,0,"SPK (tidak ada skip)"
2SZ1-2511-0009-R,"BIONTONG BOLMUT",GORONTALO,2026-07-07,,No,0,0,0,0,0,0,NO_CHANGE,0,0,0,"SPK (tidak ada skip)"
2SZ1-2511-0009-R,"BIONTONG BOLMUT",GORONTALO,2026-07-07,,No,0,0,0,0,0,0,NO_CHANGE,0,0,0,"SPK (tidak ada skip)"
UZ01-2605-M719-R,"CANGKIR GRESIK",SIDOARJO,2026-07-08,2026-07-11,Yes,0,0,2,2000000,2,2000000,INCREASE,2,2,0,"SPK+2 (2 weekend)"
1YZ1-2604-1Y02-R,"LANSOT",MANADO,2026-07-08,,No,0,0,0,0,0,0,NO_CHANGE,0,0,0,"SPK (tidak ada skip)"
1YZ1-2604-1YO2-R,"LANSOT TOMOHON",MANADO,2026-07-08,,No,0,0,0,0,0,0,NO_CHANGE,0,0,0,"SPK (tidak ada skip)"
Z001-2603-M890-R,"TESTING BESOK SPARTA",HEAD OFFICE,2026-07-08,2026-06-29,Yes,0,0,0,0,0,0,NO_CHANGE,0,0,0,"SPK (tidak ada skip)"
1MZ1-2603-0002,"DS ARIA PUTRA",PARUNG,2026-07-09,2026-06-30,Yes,0,0,0,0,0,0,NO_CHANGE,0,0,0,"SPK (tidak ada skip)"
1MZ1-2603-0002," DS ARIA PUTRA",PARUNG,2026-07-09,,No,0,0,0,0,0,0,NO_CHANGE,0,0,0,"SPK (tidak ada skip)"
PZ01-2605-0047,"KOL BURLIAN 2-MANNA",BENGKULU,2026-07-09,,No,0,0,0,0,0,0,NO_CHANGE,0,0,0,"SPK (tidak ada skip)"
PZ01-2905-0047,"KOL BURLIAN 2-MANNA",BENGKULU,2026-07-09,,No,0,0,0,0,0,0,NO_CHANGE,0,0,0,"SPK (tidak ada skip)"
Z001-2604-0909,"HALO HALO TEST",HEAD OFFICE,2026-07-09,2026-06-30,Yes,0,0,0,0,0,0,NO_CHANGE,0,0,0,"SPK (tidak ada skip)"
Z001-5060-1020,"TEST HALO MEETING SAMA IT",HEAD OFFICE,2026-07-09,2026-06-30,Yes,0,0,0,0,0,0,NO_CHANGE,0,0,0,"SPK (tidak ada skip)"
1PZ1-2509-0010,"PAGAR MENTIMUN",PONTIANAK,2026-07-10,,No,0,0,0,0,0,0,NO_CHANGE,0,0,0,"SPK (tidak ada skip)"
UZ01-2605-M719-R,"CANGKIR GRESIK",SIDOARJO,2026-07-10,2026-07-11,Yes,0,0,0,0,0,0,NO_CHANGE,2,2,0,"SPK+2 (2 weekend)"
1AZ1-2605-0001,"SIMPANG RS. SELASIH",PEKANBARU,2026-07-10,2026-07-10,Yes,0,0,0,0,0,0,NO_CHANGE,2,2,0,"SPK+2 (2 weekend)"
1AZ1-2605-0001,"SIMPANG RS. SELASIH",PEKANBARU,2026-07-10,2026-07-10,Yes,0,0,0,0,0,0,NO_CHANGE,2,2,0,"SPK+2 (2 weekend)"
PZ01-2507-0010,"TIRTOSARI - BANYUASIN",PALEMBANG,2026-07-11,,No,0,0,0,0,0,0,NO_CHANGE,1,1,0,"SPK+1 (1 weekend)"
2VZ1-2606-R494-R,"POROS BONE BONE LUTRA",LUWU,2026-07-11,,No,0,0,0,0,0,0,NO_CHANGE,1,1,0,"SPK+1 (1 weekend)"
2VZ1-2606-R494-R,"POROS BONE BONE LUTRA",LUWU,2026-07-11,,No,0,0,0,0,0,0,NO_CHANGE,1,1,0,"SPK+1 (1 weekend)"
1DZ1-2605-0009,"UNIT 10",JAMBI,2026-07-12,,No,0,0,0,0,0,0,NO_CHANGE,0,0,0,"SPK (tidak ada skip)"
IZ01-2603-0010,"RAYA KLEDUNG KRADENAN",CILACAP,2026-07-12,2026-07-08,Yes,0,0,0,0,0,0,NO_CHANGE,0,0,0,"SPK (tidak ada skip)"
JZ01-2604-0011,"SWASEMBADA TIMUR V",CILEUNGSI,2026-07-12,2026-07-10,Yes,0,0,0,0,0,0,NO_CHANGE,0,0,0,"SPK (tidak ada skip)"
2VZ1-2605-0001,"ANDI MAKKASAU 2 SIDRAP",LUWU,2026-07-12,,No,0,0,0,0,0,0,NO_CHANGE,0,0,0,"SPK (tidak ada skip)"
2VZ1-2605-0001,"ANDI MAKKASAU 2 SIDRAP",LUWU,2026-07-12,,No,0,0,0,0,0,0,NO_CHANGE,0,0,0,"SPK (tidak ada skip)"
2VZ1-2604-0008,"beringin sengkang",LUWU,2026-07-12,,No,0,0,0,0,0,0,NO_CHANGE,0,0,0,"SPK (tidak ada skip)"
2VZ1-2604-0007,"CEMPALAGI WAJO",LUWU,2026-07-12,,No,0,0,0,0,0,0,NO_CHANGE,0,0,0,"SPK (tidak ada skip)"
LZ01-2605-0003,"Gatot Subroto Baturaja",KOTABUMI,2026-07-12,,No,0,0,0,0,0,0,NO_CHANGE,0,0,0,"SPK (tidak ada skip)"
LZ01-2605-0003,"Gatot Subroto Baturaja",KOTABUMI,2026-07-12,,No,0,0,0,0,0,0,NO_CHANGE,0,0,0,"SPK (tidak ada skip)"
UZ01-2603-0014,"SORONG MARIAT",SORONG,2026-07-12,,No,0,0,0,0,0,0,NO_CHANGE,0,0,0,"SPK (tidak ada skip)"
UZ01-2603-0014,"SORONG MARIAT",SORONG,2026-07-12,,No,0,0,0,0,0,0,NO_CHANGE,0,0,0,"SPK (tidak ada skip)"
2JZ1-1708-0005-R,"CIKAKAK",CIANJUR,2026-07-14,,No,0,0,0,0,0,0,NO_CHANGE,0,0,0,"SPK (tidak ada skip)"
JZ01-1105-0004,"RAYA BOGOR KM 22 ",CILEUNGSI,2026-07-14,,No,0,0,0,0,0,0,NO_CHANGE,0,0,0,"SPK (tidak ada skip)"
JZ01-1105-0004,"RAYA BOGOR KM 22",CILEUNGSI,2026-07-14,,No,0,0,0,0,0,0,NO_CHANGE,0,0,0,"SPK (tidak ada skip)"
2VZ1-2604-0007,"CAMPALAGII WAJO",LUWU,2026-07-15,,No,0,0,0,0,0,0,NO_CHANGE,0,0,0,"SPK (tidak ada skip)"
2SZ1-2601-0010,"SULTAN HASANUDIN BUOL",GORONTALO,2026-07-15,,No,0,0,0,0,0,0,NO_CHANGE,0,0,0,"SPK (tidak ada skip)"
2SZ1-2601-0010,"SULTAN HASANUDIN BUOL",GORONTALO,2026-07-15,,No,0,0,0,0,0,0,NO_CHANGE,0,0,0,"SPK (tidak ada skip)"
2SZ1-2601-0004,"KULANGO BUOL",GORONTALO,2026-07-15,,No,0,0,0,0,0,0,NO_CHANGE,0,0,0,"SPK (tidak ada skip)"
2SZ1-2601-0004,"KULANGO BUOL",GORONTALO,2026-07-15,,No,0,0,0,0,0,0,NO_CHANGE,0,0,0,"SPK (tidak ada skip)"
2SZ1-2603-0006,"PALELEH BUOL",GORONTALO,2026-07-15,,No,0,0,0,0,0,0,NO_CHANGE,0,0,0,"SPK (tidak ada skip)"
2SZ1-2603-0006,"PALELEH BUOL",GORONTALO,2026-07-15,,No,0,0,0,0,0,0,NO_CHANGE,0,0,0,"SPK (tidak ada skip)"
2SZ1-2601-0006,"MATINAN BUOL",GORONTALO,2026-07-15,,No,0,0,0,0,0,0,NO_CHANGE,0,0,0,"SPK (tidak ada skip)"
2SZ1-2601-0006,"MATINAN BUOL",GORONTALO,2026-07-15,,No,0,0,0,0,0,0,NO_CHANGE,0,0,0,"SPK (tidak ada skip)"
2JZ1-1708-0005-R,"CIKAKAK",CIANJUR,2026-07-15,,No,0,0,0,0,0,0,NO_CHANGE,0,0,0,"SPK (tidak ada skip)"
2JZ1-2605-0005,"SUDAJAYA HILIR",CIANJUR,2026-07-15,2026-06-09,Yes,0,0,0,0,0,0,NO_CHANGE,0,0,0,"SPK (tidak ada skip)"
2JZ1-2605-0005,"SUDAJAYA HILIR",CIANJUR,2026-07-15,,No,0,0,0,0,0,0,NO_CHANGE,0,0,0,"SPK (tidak ada skip)"
2MZ1-2604-0409,"PERINTIS KEMERDEKAAN_SRAGEN",MADIUN,2026-07-15,,No,0,0,0,0,0,0,NO_CHANGE,0,0,0,"SPK (tidak ada skip)"
2MZ1-2604-0409-R,"PERINTIS KEMERDEKAAN_SRAGEN",MADIUN,2026-07-15,,No,0,0,0,0,0,0,NO_CHANGE,0,0,0,"SPK (tidak ada skip)"
WZ01-2503-0010,"BANDARA KUALANAMU",MEDAN,2026-07-15,2026-06-30,Yes,0,0,0,0,0,0,NO_CHANGE,0,0,0,"SPK (tidak ada skip)"
WZ01-2503-0010,"BANDARA KUALANAMU",MEDAN,2026-07-15,,No,0,0,0,0,0,0,NO_CHANGE,0,0,0,"SPK (tidak ada skip)"
1GZ1-2604-0011,"A Syairani",BANJARMASIN,2026-07-16,,No,0,0,0,0,0,0,NO_CHANGE,0,0,0,"SPK (tidak ada skip)"
1GZ1-2604-0011,"A Syairani",BANJARMASIN,2026-07-16,,No,0,0,0,0,0,0,NO_CHANGE,0,0,0,"SPK (tidak ada skip)"
KZ01-2604-0005-R,"WIJAYA KUSUMA",CIKOKOL,2026-07-16,,No,0,0,0,0,0,0,NO_CHANGE,0,0,0,"SPK (tidak ada skip)"
KZ01-2604-0005-R,"WIJAYA KUSUMA",CIKOKOL,2026-07-16,,No,0,0,0,0,0,0,NO_CHANGE,0,0,0,"SPK (tidak ada skip)"
1DZ1-2605-1DJ2-R,"PALL 11",JAMBI,2026-07-16,,No,0,0,0,0,0,0,NO_CHANGE,0,0,0,"SPK (tidak ada skip)"
1DZ1-2605-1DJ2-R,"PALL 11",JAMBI,2026-07-16,,No,0,0,0,0,0,0,NO_CHANGE,0,0,0,"SPK (tidak ada skip)"
2VZ1-2605-R799-R,"DANDANG LUTRA",LUWU,2026-07-16,,No,0,0,0,0,0,0,NO_CHANGE,0,0,0,"SPK (tidak ada skip)"
2VZ1-2605-R799-R,"DANDANG LUTRA",LUWU,2026-07-16,,No,0,0,0,0,0,0,NO_CHANGE,0,0,0,"SPK (tidak ada skip)"
2VZ1-2605-R566-R,"TERENGGE LUTIM",LUWU,2026-07-16,,No,0,0,0,0,0,0,NO_CHANGE,0,0,0,"SPK (tidak ada skip)"
2VZ1-2605-R566-R,"TERENGGE LUTIM",LUWU,2026-07-16,,No,0,0,0,0,0,0,NO_CHANGE,0,0,0,"SPK (tidak ada skip)"
2VZ1-2605-R825-R,"BERINGIN JAYA TOMONI",LUWU,2026-07-16,,No,0,0,0,0,0,0,NO_CHANGE,0,0,0,"SPK (tidak ada skip)"
2VZ1-2605-2V71-R,"ASORAJANG WAJO",LUWU,2026-07-16,,No,0,0,0,0,0,0,NO_CHANGE,0,0,0,"SPK (tidak ada skip)"
2VZ1-2605-R669-R,"AJANGALE BONE",LUWU,2026-07-16,,No,0,0,0,0,0,0,NO_CHANGE,0,0,0,"SPK (tidak ada skip)"
2JZ1-2604-X098-R,"KOPO CISARUA",CIANJUR,2026-07-18,,No,0,0,0,0,0,0,NO_CHANGE,1,1,0,"SPK+1 (1 weekend)"
2JZ1-2604-X098-R,"KOPO CISARUA",CIANJUR,2026-07-18,,No,0,0,0,0,0,0,NO_CHANGE,1,1,0,"SPK+1 (1 weekend)"
UZ01-2605-0009,"SMD S PARMAN",SIDOARJO BPN_SMD,2026-07-18,,No,0,0,0,0,0,0,NO_CHANGE,1,1,0,"SPK+1 (1 weekend)"
UZ01-2605-0009,"SMD S PARMAN",SIDOARJO BPN_SMD,2026-07-18,,No,0,0,0,0,0,0,NO_CHANGE,1,1,0,"SPK+1 (1 weekend)"
TZ01-2603-TD40-R,"Suvarna Terrace 8",BALARAJA,2026-07-18,,No,0,0,0,0,0,0,NO_CHANGE,1,1,0,"SPK+1 (1 weekend)"
1GZ1-2603-0006,"TUMBANG TALAKEN",BANJARMASIN,2026-07-19,,No,0,0,0,0,0,0,NO_CHANGE,0,0,0,"SPK (tidak ada skip)"
1GZ1-2603-0006,"TUMBANG TALAKEN",BANJARMASIN,2026-07-19,,No,0,0,0,0,0,0,NO_CHANGE,0,0,0,"SPK (tidak ada skip)"
VZ01-2605-0596-R,"TUPAREV 70",PLUMBON,2026-07-19,,No,0,0,0,0,0,0,NO_CHANGE,0,0,0,"SPK (tidak ada skip)"
VZ01-2605-0596-R,"TUPAREV 70",PLUMBON,2026-07-19,,No,0,0,0,0,0,0,NO_CHANGE,0,0,0,"SPK (tidak ada skip)"
2VZ1-2605-2V69-R,"DUA PITUE SIDRAP",LUWU,2026-07-19,,No,0,0,0,0,0,0,NO_CHANGE,0,0,0,"SPK (tidak ada skip)"
2VZ1-2605-R539-R,"BULETE WAJO",LUWU,2026-07-19,,No,0,0,0,0,0,0,NO_CHANGE,0,0,0,"SPK (tidak ada skip)"
2VZ1-2605-R539-R,"BULETE WAJO",LUWU,2026-07-19,,No,0,0,0,0,0,0,NO_CHANGE,0,0,0,"SPK (tidak ada skip)"
1DZ1-2606-1DD5-R,"SIMPANG 4 PURNAMA",JAMBI,2026-07-20,,No,0,0,0,0,0,0,NO_CHANGE,0,0,0,"SPK (tidak ada skip)"
1DZ1-2606-1DD5-R,"SIMPANG 4 PURNAMA",JAMBI,2026-07-20,,No,0,0,0,0,0,0,NO_CHANGE,0,0,0,"SPK (tidak ada skip)"
1DZ1-2605-0009,"UNIT 10",JAMBI,2026-07-21,,No,0,0,0,0,0,0,NO_CHANGE,0,0,0,"SPK (tidak ada skip)"
2SZ1-2511-0005,"LIMBA U 1 GORONTALO",GORONTALO,2026-07-21,,No,0,0,0,0,0,0,NO_CHANGE,0,0,0,"SPK (tidak ada skip)"
2SZ1-2511-0005,"LIMBA U 1 GORONTALO",GORONTALO,2026-07-21,,No,0,0,0,0,0,0,NO_CHANGE,0,0,0,"SPK (tidak ada skip)"
TZ01-2604-AC92-R,"Pahlawan Seribu OLD",BALARAJA,2026-07-21,,No,0,0,0,0,0,0,NO_CHANGE,0,0,0,"SPK (tidak ada skip)"
TZ01-2604-AC92-R,"Pahlawan Seribu OLD",BALARAJA,2026-07-21,,No,0,0,0,0,0,0,NO_CHANGE,0,0,0,"SPK (tidak ada skip)"
2MZ1-2511-0009,"SAT BENER SRAGEN",MADIUN,2026-07-22,,No,0,0,0,0,0,0,NO_CHANGE,0,0,0,"SPK (tidak ada skip)"
2MZ1-2511-0009,"SAT BENER SRAGEN",MADIUN,2026-07-22,,No,0,0,0,0,0,0,NO_CHANGE,0,0,0,"SPK (tidak ada skip)"
JZ01-2604-EB19-R,"VILLA NUSA INDAH",CILEUNGSI,2026-07-22,,No,0,0,0,0,0,0,NO_CHANGE,0,0,0,"SPK (tidak ada skip)"
UZ01-2606-UF70-R,"JAKARTA 1",SIDOARJO BPN_SMD,2026-07-22,,No,0,0,0,0,0,0,NO_CHANGE,0,0,0,"SPK (tidak ada skip)"
UZ01-2606-UF70-R,"JAKARTA 1",SIDOARJO BPN_SMD,2026-07-22,,No,0,0,0,0,0,0,NO_CHANGE,0,0,0,"SPK (tidak ada skip)"
1GZ1-2603-0007,"BUNDARAN  DOHONG",BANJARMASIN,2026-07-23,,No,0,0,0,0,0,0,NO_CHANGE,0,0,0,"SPK (tidak ada skip)"
1GZ1-2603-0007,"BUNDARAN  DOHONG",BANJARMASIN,2026-07-23,,No,0,0,0,0,0,0,NO_CHANGE,0,0,0,"SPK (tidak ada skip)"
1GZ1-2605-0001,"PERINTIS TEWAH",BANJARMASIN,2026-07-23,,No,0,0,0,0,0,0,NO_CHANGE,0,0,0,"SPK (tidak ada skip)"
1GZ1-2605-0001,"PERINTIS TEWAH",BANJARMASIN,2026-07-23,,No,0,0,0,0,0,0,NO_CHANGE,0,0,0,"SPK (tidak ada skip)"
1JZ1-2606-0001,"RAYA PURWADADI",KARAWANG,2026-07-23,,No,0,0,0,0,0,0,NO_CHANGE,0,0,0,"SPK (tidak ada skip)"
2MZ1-2605-0552,"SAT PLAOSAN MAGETAN",MADIUN,2026-07-23,,No,0,0,0,0,0,0,NO_CHANGE,0,0,0,"SPK (tidak ada skip)"
2MZ1-2605-0552-R,"SAT PLAOSAN MAGETAN",MADIUN,2026-07-23,,No,0,0,0,0,0,0,NO_CHANGE,0,0,0,"SPK (tidak ada skip)"
JZ01-2604-EB19-R,"VILLA NUSA INDAH",CILEUNGSI,2026-07-23,,No,0,0,0,0,0,0,NO_CHANGE,0,0,0,"SPK (tidak ada skip)"
2VZ1-2604-0008,"BERINGIN SENGKANG",LUWU,2026-07-24,,No,0,0,0,0,0,0,NO_CHANGE,0,0,0,"SPK (tidak ada skip)"
1JZ1-2606-0001,"RAYA PURWADADI",KARAWANG,2026-07-24,,No,0,0,0,0,0,0,NO_CHANGE,2,2,0,"SPK+2 (2 weekend)"
JZ01-2603-0003,"RAYA BOGOR H.M SABAR",CILEUNGSI,2026-07-24,,No,0,0,0,0,0,0,NO_CHANGE,2,2,0,"SPK+2 (2 weekend)"
2JZ1-2606-0006,"SYAMSUDIN SUKABUMI",CIANJUR,2026-07-24,,No,0,0,0,0,0,0,NO_CHANGE,2,2,0,"SPK+2 (2 weekend)"
2JZ1-2606-0006,"SYAMSUDIN SUKABUMI",CIANJUR,2026-07-24,,No,0,0,0,0,0,0,NO_CHANGE,2,2,0,"SPK+2 (2 weekend)"
2VZ1-2605-2V68-R,"TAJUNCU SOPPENG",LUWU,2026-07-24,,No,0,0,0,0,0,0,NO_CHANGE,2,2,0,"SPK+2 (2 weekend)"
WZ01-2604-0001,"SIDODADI RAMUNIA",MEDAN,2026-07-26,,No,0,0,0,0,0,0,NO_CHANGE,0,0,0,"SPK (tidak ada skip)"
WZ01-2604-0002,"SIDODADI RAMUNIA",MEDAN,2026-07-26,,No,0,0,0,0,0,0,NO_CHANGE,0,0,0,"SPK (tidak ada skip)"
2SZ1-2509-0004,"BUKO PINANGGALUMAN",GORONTALO,2026-07-26,,No,0,0,0,0,0,0,NO_CHANGE,0,0,0,"SPK (tidak ada skip)"
2SZ1-2509-0004,"BUKO PINANGGALUMAN",GORONTALO,2026-07-26,,No,0,0,0,0,0,0,NO_CHANGE,0,0,0,"SPK (tidak ada skip)"
2VZ1-2605-0008,"SAKTI BUA",LUWU,2026-07-26,,No,0,0,0,0,0,0,NO_CHANGE,0,0,0,"SPK (tidak ada skip)"
UZ01-2603-0016,"SAPTA TARUNA SORONG",SORONG,2026-07-26,,No,0,0,0,0,0,0,NO_CHANGE,0,0,0,"SPK (tidak ada skip)"
UZ01-2603-0016,"SAPTA TARUNA SORONG",SORONG,2026-07-26,,No,0,0,0,0,0,0,NO_CHANGE,0,0,0,"SPK (tidak ada skip)"
UZ01-2603-0015,"SORONG MAKBON",SORONG,2026-07-26,2026-07-08,Yes,0,0,0,0,0,0,NO_CHANGE,0,0,0,"SPK (tidak ada skip)"
UZ01-2603-0015,"SORONG MAKBON",SORONG,2026-07-26,,No,0,0,0,0,0,0,NO_CHANGE,0,0,0,"SPK (tidak ada skip)"
2VZ1-2605-0008,"SAKTI BUA",LUWU,2026-07-26,,No,0,0,0,0,0,0,NO_CHANGE,0,0,0,"SPK (tidak ada skip)"
WZ01-2604-W487-R,"Ahmad Yani Langsa",MEDAN,2026-07-26,,No,0,0,0,0,0,0,NO_CHANGE,0,0,0,"SPK (tidak ada skip)"
WZ01-2604-W487-R,"Jl Ahmad Yani - Langsa",MEDAN,2026-07-26,,No,0,0,0,0,0,0,NO_CHANGE,0,0,0,"SPK (tidak ada skip)"
2VZ1-2604-0002,"LEBANG KOTA PALOPO",LUWU,2026-07-27,,No,0,0,0,0,0,0,NO_CHANGE,0,0,0,"SPK (tidak ada skip)"
2VZ1-2604-0002,"LEBANG KOTA PALOPO",LUWU,2026-07-27,,No,0,0,0,0,0,0,NO_CHANGE,0,0,0,"SPK (tidak ada skip)"
1YZ1-2603-0006,"UWURAN SATU",MANADO,2026-07-27,,No,0,0,0,0,0,0,NO_CHANGE,0,0,0,"SPK (tidak ada skip)"
1YZ1-2603-0006,"UWURAN SATU",MANADO,2026-07-27,,No,0,0,0,0,0,0,NO_CHANGE,0,0,0,"SPK (tidak ada skip)"
1SZ1-2605-0003,"ALFAMART KERTASARI",LOMBOK,2026-07-27,,No,0,0,0,0,0,0,NO_CHANGE,0,0,0,"SPK (tidak ada skip)"
LZ01-2604-L007-R,"A.YANI PRINGSEWU",KOTABUMI,2026-07-27,,No,0,0,0,0,0,0,NO_CHANGE,0,0,0,"SPK (tidak ada skip)"
LZ01-2604-L007-R,"A.YANI PRINGSEWU",KOTABUMI,2026-07-27,,No,0,0,0,0,0,0,NO_CHANGE,0,0,0,"SPK (tidak ada skip)"
1SZ1-2605-0003,"ALFAMART KERTASARI",LOMBOK,2026-07-28,,No,0,0,0,0,0,0,NO_CHANGE,0,0,0,"SPK (tidak ada skip)"
BZ01-0505-2026,"PASIR HUNI",BANDUNG RAYA,2026-07-28,2026-07-07,Yes,0,0,0,0,0,0,NO_CHANGE,0,0,0,"SPK (tidak ada skip)"
BZ01-0505-2026,"PASIR HUNI",BANDUNG RAYA,2026-07-28,,No,0,0,0,0,0,0,NO_CHANGE,0,0,0,"SPK (tidak ada skip)"
TZ01-2603-T152-R,"Perum Tigaraksa",BALARAJA,2026-07-28,,No,0,0,0,0,0,0,NO_CHANGE,0,0,0,"SPK (tidak ada skip)"
JZ01-2606-0001,"CIPAYUNG GEMPOL",CILEUNGSI,2026-07-29,,No,0,0,0,0,0,0,NO_CHANGE,0,0,0,"SPK (tidak ada skip)"
JZ01-2606-0001,"CIPAYUNG GEMPOL",CILEUNGSI,2026-07-29,,No,0,0,0,0,0,0,NO_CHANGE,0,0,0,"SPK (tidak ada skip)"
IZ01-2605-0004,"PESAWAHAN KROYA",CILACAP,2026-07-30,2026-06-30,Yes,0,0,0,0,0,0,NO_CHANGE,0,0,0,"SPK (tidak ada skip)"
IZ01-2605-0004,"PESAWAHAN KROYA",CILACAP,2026-07-30,,No,0,0,0,0,0,0,NO_CHANGE,0,0,0,"SPK (tidak ada skip)"
1JZ1-2606-0002,"SAWANGAN",KARAWANG,2026-07-31,,No,0,0,0,0,0,0,NO_CHANGE,2,2,0,"SPK+2 (2 weekend)"
1JZ1-2606-0002,"SAWANGAN",KARAWANG,2026-07-31,,No,0,0,0,0,0,0,NO_CHANGE,2,2,0,"SPK+2 (2 weekend)"
TZ01-2604-0009,"BP Icon",BALARAJA,2026-08-01,,No,0,0,0,0,0,0,NO_CHANGE,1,1,0,"SPK+1 (1 weekend)"
TZ01-2604-0009,"BP Icon",BALARAJA,2026-08-01,,No,0,0,0,0,0,0,NO_CHANGE,1,1,0,"SPK+1 (1 weekend)"
2JZ1-2605-X559-R,"PEMBANGUNAN_SUKABUMI",CIANJUR,2026-08-02,,No,0,0,0,0,0,0,NO_CHANGE,0,0,0,"SPK (tidak ada skip)"
2JZ1-2605-X559-R,"PEMBANGUNAN_SUKABUMI",CIANJUR,2026-08-02,,No,0,0,0,0,0,0,NO_CHANGE,0,0,0,"SPK (tidak ada skip)"
2SZ1-2601-0005,"KAMPUNG BUGIS BUOL",GORONTALO,2026-08-03,,No,0,0,0,0,0,0,NO_CHANGE,0,0,0,"SPK (tidak ada skip)"
2SZ1-2601-0005,"KAMPUNG BUGIS BUOL",GORONTALO,2026-08-03,,No,0,0,0,0,0,0,NO_CHANGE,0,0,0,"SPK (tidak ada skip)"
LZ01-2603-0003,"Langkapura Baru",LAMPUNG,2026-08-03,,No,0,0,0,0,0,0,NO_CHANGE,0,0,0,"SPK (tidak ada skip)"
LZ01-2603-0003,"Langkapura Baru",LAMPUNG,2026-08-03,,No,0,0,0,0,0,0,NO_CHANGE,0,0,0,"SPK (tidak ada skip)"
BZ01-2604-0004,"DS DC Bandung",BANDUNG RAYA,2026-08-04,,No,0,0,0,0,0,0,NO_CHANGE,0,0,0,"SPK (tidak ada skip)"
BZ01-2604-0004,"DS DC Bandung",BANDUNG RAYA,2026-08-04,,No,0,0,0,0,0,0,NO_CHANGE,0,0,0,"SPK (tidak ada skip)"
IZ01-2605-I260-R,"CIMANGGU 2",CILACAP,2026-08-04,,No,0,0,0,0,0,0,NO_CHANGE,0,0,0,"SPK (tidak ada skip)"
IZ01-2605-I260-R,"CIMANGGGU 2",CILACAP,2026-08-04,,No,0,0,0,0,0,0,NO_CHANGE,0,0,0,"SPK (tidak ada skip)"
RZ01-2604-0012,"PABONGKAYYA MAKASSAR",MAKASSAR,2026-08-04,,No,0,0,0,0,0,0,NO_CHANGE,0,0,0,"SPK (tidak ada skip)"
2VZ1-2606-0001,"ALFAMART SUKOREJO LAMASI",LUWU,2026-08-04,,No,0,0,0,0,0,0,NO_CHANGE,0,0,0,"SPK (tidak ada skip)"
2VZ1-2606-0001,"ALFAMART SUKOREJO LAMASI",LUWU,2026-08-04,,No,0,0,0,0,0,0,NO_CHANGE,0,0,0,"SPK (tidak ada skip)"
HZ01-2605-H579-R,"LAMPER TENGAH RAYA SMG",SEMARANG,2026-08-04,,No,0,0,0,0,0,0,NO_CHANGE,0,0,0,"SPK (tidak ada skip)"
HZ01-2605-H579-R,"LAMPER TENGAH RAYA",SEMARANG,2026-08-04,,No,0,0,0,0,0,0,NO_CHANGE,0,0,0,"SPK (tidak ada skip)"
1PZ1-2605-0001,"SIMPANG LEDO",PONTIANAK,2026-08-04,,No,0,0,0,0,0,0,NO_CHANGE,0,0,0,"SPK (tidak ada skip)"
1PZ1-2605-0001,"SIMPANG LEDO",PONTIANAK,2026-08-04,,No,0,0,0,0,0,0,NO_CHANGE,0,0,0,"SPK (tidak ada skip)"
RZ01-2509-0002,"PEMUDA PARE PARE",MAKASSAR,2026-08-05,,No,0,0,0,0,0,0,NO_CHANGE,0,0,0,"SPK (tidak ada skip)"
2PZ1-2606-0005,"JAGALEMPENI BREBES",TEGAL,2026-08-05,2026-07-08,Yes,0,0,0,0,0,0,NO_CHANGE,0,0,0,"SPK (tidak ada skip)"
2PZ1-2606-0005,"JAGALEMPENI BREBES",TEGAL,2026-08-05,,No,0,0,0,0,0,0,NO_CHANGE,0,0,0,"SPK (tidak ada skip)"
RZ01-2604-0010,"GARUDA MAROS",MAKASSAR,2026-08-06,,No,0,0,0,0,0,0,NO_CHANGE,0,0,0,"SPK (tidak ada skip)"
RZ01-2604-0010,"GARUDA MAROS",MAKASSAR,2026-08-06,,No,0,0,0,0,0,0,NO_CHANGE,0,0,0,"SPK (tidak ada skip)"
2PZ1-2606-0006,"RANCAWULUH",TEGAL,2026-08-06,2026-07-13,Yes,0,0,0,0,0,0,NO_CHANGE,0,0,0,"SPK (tidak ada skip)"
2PZ1-2606-0006,"RANCAWULUH",TEGAL,2026-08-06,,No,0,0,0,0,0,0,NO_CHANGE,0,0,0,"SPK (tidak ada skip)"
2AZ1-2605-0002,"ALFAMART KYAI ABDURROSYID SEMARANG",REMBANG,2026-08-06,,No,0,0,0,0,0,0,NO_CHANGE,0,0,0,"SPK (tidak ada skip)"
2AZ1-2605-0002,"ALFAMART KYAI ABDURROSYID SEMARANG",REMBANG,2026-08-06,,No,0,0,0,0,0,0,NO_CHANGE,0,0,0,"SPK (tidak ada skip)"
2JZ1-2604-0009,"ALFAMART  SUMUR BANDUNG",CIANJUR,2026-08-07,,No,0,0,0,0,0,0,NO_CHANGE,2,2,0,"SPK+2 (2 weekend)"
TZ01-2603-T097-R,"Perum Jati Elok",BALARAJA,2026-08-07,,No,0,0,0,0,0,0,NO_CHANGE,2,2,0,"SPK+2 (2 weekend)"
TZ01-2603-T097-R,"Perum Jati Elok",BALARAJA,2026-08-07,,No,0,0,0,0,0,0,NO_CHANGE,2,2,0,"SPK+2 (2 weekend)"
TZ01-2603-T152-R,"Perum Tigaraksa",BALARAJA,2026-08-07,,No,0,0,0,0,0,0,NO_CHANGE,2,2,0,"SPK+2 (2 weekend)"
TZ01-2603-TD40-R,"Suvarna Terrace 8",BALARAJA,2026-08-07,,No,0,0,0,0,0,0,NO_CHANGE,2,2,0,"SPK+2 (2 weekend)"
WZ01-2604-0013,"SIMPANG SEKIP",MEDAN,2026-08-08,,No,0,0,0,0,0,0,NO_CHANGE,1,1,0,"SPK+1 (1 weekend)"
WZ01-2604-0013,"SIMPANG SEKIP",MEDAN,2026-08-08,,No,0,0,0,0,0,0,NO_CHANGE,1,1,0,"SPK+1 (1 weekend)"
YZ01-2606-Y221-R,"GAMBIR KUNING",JEMBER,2026-08-08,,No,0,0,0,0,0,0,NO_CHANGE,1,1,0,"SPK+1 (1 weekend)"
YZ01-2606-Y221-R,"GAMBIR KUNING",JEMBER,2026-08-08,,No,0,0,0,0,0,0,NO_CHANGE,1,1,0,"SPK+1 (1 weekend)"
HZ01-2605-0007,"TRUKO KANGKUNG",SEMARANG,2026-08-08,2026-07-07,Yes,0,0,0,0,0,0,NO_CHANGE,1,1,0,"SPK+1 (1 weekend)"
HZ01-2605-0007,"TRUKO KANGKUNG",SEMARANG,2026-08-08,,No,0,0,0,0,0,0,NO_CHANGE,1,1,0,"SPK+1 (1 weekend)"
TZ01-2605-KC41-R,"PURI INDAH",BALARAJA,2026-08-08,,No,0,0,0,0,0,0,NO_CHANGE,1,1,0,"SPK+1 (1 weekend)"
TZ01-2605-KC41-R,"PURI INDAH",BALARAJA,2026-08-08,,No,0,0,0,0,0,0,NO_CHANGE,1,1,0,"SPK+1 (1 weekend)"
2JZ1-2606-0005,"CIBADAK SUKABUMI",CIANJUR,2026-08-09,,No,0,0,0,0,0,0,NO_CHANGE,0,0,0,"SPK (tidak ada skip)"
2JZ1-2606-0005,"CIBADAK SUKABUMI",CIANJUR,2026-08-09,,No,0,0,0,0,0,0,NO_CHANGE,0,0,0,"SPK (tidak ada skip)"
2JZ1-2604-0009,"ALFAMART  SUMUR BANDUNG PLARA",CIANJUR,2026-08-09,,No,0,0,0,0,0,0,NO_CHANGE,0,0,0,"SPK (tidak ada skip)"
RZ01-2604-0012,"PABONGKAYYA MAKASSAR",MAKASSAR,2026-08-09,,No,0,0,0,0,0,0,NO_CHANGE,0,0,0,"SPK (tidak ada skip)"
2SZ1-2605-0003,"SUGUO BOLSEL",GORONTALO,2026-08-09,,No,0,0,0,0,0,0,NO_CHANGE,0,0,0,"SPK (tidak ada skip)"
2SZ1-2605-0003,"SUGUO BOLSEL",GORONTALO,2026-08-09,,No,0,0,0,0,0,0,NO_CHANGE,0,0,0,"SPK (tidak ada skip)"
1SZ1-2603-0001,"ALFAMART TALOKO",LOMBOK,2026-08-10,,No,0,0,0,0,0,0,NO_CHANGE,0,0,0,"SPK (tidak ada skip)"
2PZ1-2606-I211-R,"TAMBAKSOGRA",TEGAL,2026-08-10,,No,0,0,0,0,0,0,NO_CHANGE,0,0,0,"SPK (tidak ada skip)"
2PZ1-2606-I211-R,"TAMBAKSOGRA",TEGAL,2026-08-10,,No,0,0,0,0,0,0,NO_CHANGE,0,0,0,"SPK (tidak ada skip)"
RZ01-2604-0001-R,"BONTONOMPO SELATAN",MAKASSAR,2026-08-10,2026-07-08,Yes,0,0,0,0,0,0,NO_CHANGE,0,0,0,"SPK (tidak ada skip)"
RZ01-2604-0001-R,"BONTONOMPO SELATAN",MAKASSAR,2026-08-10,,No,0,0,0,0,0,0,NO_CHANGE,0,0,0,"SPK (tidak ada skip)"
1AZ1-2604-0004,"SP 5 UKUI, PELAWAN, PEKANBARU",PEKANBARU,2026-08-11,,No,0,0,0,0,0,0,NO_CHANGE,0,0,0,"SPK (tidak ada skip)"
1AZ1-2604-0004,"SP 5 UKUI, PELAWAN, PEKANBARU",PEKANBARU,2026-08-11,,No,0,0,0,0,0,0,NO_CHANGE,0,0,0,"SPK (tidak ada skip)"
RZ01-2605-0004,"Manggarupi Gowa",MAKASSAR,2026-08-11,2026-07-09,Yes,0,0,0,0,0,0,NO_CHANGE,0,0,0,"SPK (tidak ada skip)"
RZ01-2605-0004,"Manggarupi Gowa",MAKASSAR,2026-08-11,,No,0,0,0,0,0,0,NO_CHANGE,0,0,0,"SPK (tidak ada skip)"
LZ01-2606-0004,"KARANG MELATI OKUT",LAMPUNG,2026-08-12,,No,0,0,0,0,0,0,NO_CHANGE,0,0,0,"SPK (tidak ada skip)"
LZ01-2606-0004,"KARANG MELATI OKUT",LAMPUNG,2026-08-12,,No,0,0,0,0,0,0,NO_CHANGE,0,0,0,"SPK (tidak ada skip)"
1AZ1-2602-0004,"SUNGAI PAKU KUANSING",PEKANBARU,2026-08-13,,No,0,0,0,0,0,0,NO_CHANGE,0,0,0,"SPK (tidak ada skip)"
1AZ1-2602-0004,"SUNGAI PAKU KUANSING",PEKANBARU,2026-08-13,,No,0,0,0,0,0,0,NO_CHANGE,0,0,0,"SPK (tidak ada skip)"
1PZ1-2509-0008,"SUNGAI AWAN KIRI",PONTIANAK,2026-08-14,,No,0,0,0,0,0,0,NO_CHANGE,3,2,1,"SPK+3 (2 weekend, 1 libur nasional)"
1PZ1-2509-0008,"SUNGAI AWAN KIRI",PONTIANAK,2026-08-14,,No,0,0,0,0,0,0,NO_CHANGE,3,2,1,"SPK+3 (2 weekend, 1 libur nasional)"
2SZ1-2605-0016,"TABILAA BOLSEL",GORONTALO,2026-08-14,,No,0,0,0,0,0,0,NO_CHANGE,3,2,1,"SPK+3 (2 weekend, 1 libur nasional)"
2SZ1-2605-0016,"TABILAA BOLSEL",GORONTALO,2026-08-14,,No,0,0,0,0,0,0,NO_CHANGE,3,2,1,"SPK+3 (2 weekend, 1 libur nasional)"
2SZ1-2605-0011,"ALUN ALUN MOLIBAGU",GORONTALO,2026-08-14,,No,0,0,0,0,0,0,NO_CHANGE,3,2,1,"SPK+3 (2 weekend, 1 libur nasional)"
2SZ1-2605-0011,"ALUN ALUN MOLIBAGU",GORONTALO,2026-08-14,,No,0,0,0,0,0,0,NO_CHANGE,3,2,1,"SPK+3 (2 weekend, 1 libur nasional)"
2SZ1-2605-0015,"LINAWAN PINOLOSIAN",GORONTALO,2026-08-14,2026-07-13,Yes,0,0,0,0,0,0,NO_CHANGE,3,2,1,"SPK+3 (2 weekend, 1 libur nasional)"
2SZ1-2605-0015,"LINAWAN PINOLOSIAN",GORONTALO,2026-08-14,,No,0,0,0,0,0,0,NO_CHANGE,3,2,1,"SPK+3 (2 weekend, 1 libur nasional)"
2SZ1-2605-0005,"MOLIBAGU BOLSEL",GORONTALO,2026-08-14,,No,0,0,0,0,0,0,NO_CHANGE,3,2,1,"SPK+3 (2 weekend, 1 libur nasional)"
2SZ1-2605-0005,"MOLIBAGU BOLSEL",GORONTALO,2026-08-14,,No,0,0,0,0,0,0,NO_CHANGE,3,2,1,"SPK+3 (2 weekend, 1 libur nasional)"
IZ01-2603-I718-R,"REST AREA ROWOKELE",CILACAP,2026-08-16,,No,0,0,0,0,0,0,NO_CHANGE,1,0,1,"SPK+1 (1 libur nasional)"
IZ01-2603-I718-R,"REST AREA ROWEKELE",CILACAP,2026-08-16,,No,0,0,0,0,0,0,NO_CHANGE,1,0,1,"SPK+1 (1 libur nasional)"
YZ01-2605-0009,"KANDANGJATI",JEMBER,2026-08-16,,No,0,0,0,0,0,0,NO_CHANGE,1,0,1,"SPK+1 (1 libur nasional)"
YZ01-2605-0009,"KANDANGJATI",JEMBER,2026-08-16,,No,0,0,0,0,0,0,NO_CHANGE,1,0,1,"SPK+1 (1 libur nasional)"
BZ01-2605-0001,"Dark Store Antapani",BANDUNG RAYA,2026-08-17,,No,0,0,0,0,0,0,NO_CHANGE,0,0,0,"SPK (tidak ada skip)"
BZ01-2604-0009,"Dark Store Antapani",BANDUNG RAYA,2026-08-17,,No,0,0,0,0,0,0,NO_CHANGE,0,0,0,"SPK (tidak ada skip)"
HZ01-2605-0006,"PIDODO WETAN",SEMARANG,2026-08-18,,No,0,0,0,0,0,0,NO_CHANGE,0,0,0,"SPK (tidak ada skip)"
HZ01-2605-0006,"PIDODO WETAN - KENDAL",SEMARANG,2026-08-18,,No,0,0,0,0,0,0,NO_CHANGE,0,0,0,"SPK (tidak ada skip)"
1SZ1-2606-0004,"ALFAMART SUKARAJA",LOMBOK,2026-08-18,,No,0,0,0,0,0,0,NO_CHANGE,0,0,0,"SPK (tidak ada skip)"
RZ01-2606-0004,"Abd Kadir Gowa",MAKASSAR,2026-08-18,,No,0,0,0,0,0,0,NO_CHANGE,0,0,0,"SPK (tidak ada skip)"
RZ01-2606-0004,"Abd Kadir Gowa",MAKASSAR,2026-08-18,,No,0,0,0,0,0,0,NO_CHANGE,0,0,0,"SPK (tidak ada skip)"
LZ01-2511-0003,"TANJUNG YAKIN",KOTABUMI,2026-08-19,,No,0,0,0,0,0,0,NO_CHANGE,0,0,0,"SPK (tidak ada skip)"
LZ01-2511-0003,"TANJUNG YAKIN",KOTABUMI,2026-08-19,,No,0,0,0,0,0,0,NO_CHANGE,0,0,0,"SPK (tidak ada skip)"
RZ01-2509-0002,"PEMUDA PAREPARE",MAKASSAR,2026-08-20,,No,0,0,0,0,0,0,NO_CHANGE,0,0,0,"SPK (tidak ada skip)"
OZ01-2607-0007,"KALASAN KM 13,SLEMAN",KLATEN,2026-08-28,,No,0,0,0,0,0,0,NO_CHANGE,2,2,0,"SPK+2 (2 weekend)"
OZ01-2607-0007,"KALASAN KM 13,SLEMAN",KLATEN,2026-08-28,,No,0,0,0,0,0,0,NO_CHANGE,2,2,0,"SPK+2 (2 weekend)"